run	cp	class	method	outcome	testId	reason
20261003-191547-0744	CP-8	Antiphon.Tests.Agents.AgentRegistrySettingsTests	The_shipped_codex_definition_resolves_to_a_real_executable_on_this_machine	NotExecuted	0d445417-c295-a322-4d55-feed561de49a	Skipped: The npm shim layout is Windows-specific
20261003-191547-0744	CP-8	Antiphon.Tests.Application.AgentExecutableResolverTests	Resolves_sibling_flavor_when_configured_one_is_gone	NotExecuted	bc2a4bcc-624f-93ed-b63f-2c7421ec25bf	Skipped: Sibling executable flavors (.exe/.cmd/.bat) are resolved only on Windows
20261003-191547-0744	CP-8	Antiphon.Tests.Application.AgentPinPathTests	V01_canonical_cwd_uses_windows_separators_and_drops_trailing_slash	NotExecuted	473ade5e-7851-236c-4f0d-e29ba3921aa6	Skipped: Canonical pin cwd is a Windows drive-rooted path
20261003-191547-0744	CP-8	Antiphon.Tests.Application.ClaudeRemoteControlLaunchArgsTests	Off_settings_path_round_trips_through_LaunchArgvGuard	NotExecuted	13ca2c05-8796-c5c5-880e-1b03832d9470	Skipped: CommandLineToArgvW is Windows-only
20261003-191547-0744	CP-8	Antiphon.Tests.Application.DelegationReportFormatterTests	reported_repository_paths_normalize_relative_and_absolute_windows_forms	NotExecuted	13b26d39-8cfb-b5bd-9670-dcab0fc4ae45	Skipped: Drive-letter report paths resolve only against a Windows repo root
20261003-191547-0744	CP-8	Antiphon.Tests.Application.DirectoryBrowseServiceTests	prefix_returns_matching_child_directories	NotExecuted	2c612967-1d77-ecc7-1030-ac96fd470e8f	Skipped: Drive-letter directory listing needs a Windows MockFileSystem
20261003-191547-0744	CP-8	Antiphon.Tests.Application.DirectoryBrowseServiceTests	existing_path_reports_exists_true	NotExecuted	ee398f49-120b-917b-03a8-c30048f0ce64	Skipped: Drive-letter directory listing needs a Windows MockFileSystem
20261003-191547-0744	CP-8	Antiphon.Tests.Application.DirectoryBrowseServiceTests	trailing_slash_lists_children_of_that_directory	NotExecuted	373821da-4f9a-df36-9732-68b696f0ab85	Skipped: Drive-letter directory listing needs a Windows MockFileSystem
20261003-191547-0744	CP-8	Antiphon.Tests.Application.DirectoryBrowseServiceTests	partial_leaf_matches_substring_within_child_name	NotExecuted	4ba9d923-deb0-24e8-1147-8ececc8388b1	Skipped: Drive-letter directory listing needs a Windows MockFileSystem
20261003-191547-0744	CP-8	Antiphon.Tests.Application.DirectoryBrowseServiceTests	caches_within_ttl_and_refreshes_after	NotExecuted	c3de3de3-93eb-025f-aae9-793082a9db4a	Skipped: Drive-letter directory listing needs a Windows MockFileSystem
20261003-191547-0744	CP-8	Antiphon.Tests.Application.GrokRulesTransportCompatibilityTests	Unsafe_raw_rules_are_refused_server_side_before_runner_calls	NotExecuted	02331705-985a-e1e2-b088-dff7754dadfd	Skipped: CARD-0382 Grok rules argv guard is Windows-only by design
20261003-191547-0744	CP-8	Antiphon.Tests.Application.GrokRulesTransportCompatibilityTests	Unsafe_raw_rules_are_refused_server_side_before_runner_calls	NotExecuted	793fe86b-4298-4eb3-c676-fd5563806521	Skipped: CARD-0382 Grok rules argv guard is Windows-only by design
20261003-191547-0744	CP-8	Antiphon.Tests.Application.GrokRulesTransportCompatibilityTests	Unsafe_raw_rules_are_refused_server_side_before_runner_calls	NotExecuted	ba97ea4f-db22-412c-eca3-69fd44bd1477	Skipped: CARD-0382 Grok rules argv guard is Windows-only by design
20261003-191547-0744	CP-8	Antiphon.Tests.Application.GrokRulesTransportCompatibilityTests	Unsafe_raw_rules_are_refused_server_side_before_runner_calls	NotExecuted	e1ad7666-e1c5-e311-b3e1-f9359fcd1ca9	Skipped: CARD-0382 Grok rules argv guard is Windows-only by design
20261003-191547-0744	CP-8	Antiphon.Tests.Application.GrokRulesTransportCompatibilityTests	Unsafe_raw_rules_are_refused_server_side_before_runner_calls	NotExecuted	95a89bce-ea59-f0bc-d192-1ec4307fccab	Skipped: CARD-0382 Grok rules argv guard is Windows-only by design
20261003-191547-0744	CP-8	Antiphon.Tests.Application.GrokRulesTransportCompatibilityTests	Unsafe_raw_rules_are_refused_server_side_before_runner_calls	NotExecuted	ce57c759-c8e9-1aed-27ac-43b387da6fb0	Skipped: CARD-0382 Grok rules argv guard is Windows-only by design
20261003-191547-0744	CP-8	Antiphon.Tests.Application.GrokRulesTransportCompatibilityTests	Unsafe_raw_rules_are_refused_server_side_before_runner_calls	NotExecuted	75854a42-8fb0-c3e2-5271-7d36a70f0b25	Skipped: CARD-0382 Grok rules argv guard is Windows-only by design
20261003-191547-0744	CP-8	Antiphon.Tests.Application.GrokRulesTransportCompatibilityTests	Unsafe_raw_rules_are_refused_server_side_before_runner_calls	NotExecuted	744f06b2-cd83-16d1-1924-26d3d2795abd	Skipped: CARD-0382 Grok rules argv guard is Windows-only by design
20261003-191547-0744	CP-8	Antiphon.Tests.Application.GrokRulesTransportCompatibilityTests	Unsafe_raw_rules_are_refused_server_side_before_runner_calls	NotExecuted	4b2437e8-75e9-d4d5-3751-c2296ca086e0	Skipped: CARD-0382 Grok rules argv guard is Windows-only by design
20261003-191547-0744	CP-8	Antiphon.Tests.Application.GrokRulesTransportCompatibilityTests	Unsafe_raw_rules_are_refused_server_side_before_runner_calls	NotExecuted	04ad30e2-73e7-51d4-f8be-3a6ff6d6474e	Skipped: CARD-0382 Grok rules argv guard is Windows-only by design
20261003-191547-0744	CP-8	Antiphon.Tests.Application.GrokRulesTransportCompatibilityTests	Unsafe_raw_rules_are_refused_server_side_before_runner_calls	NotExecuted	b68faca5-7289-c534-6f22-906a9273cd7b	Skipped: CARD-0382 Grok rules argv guard is Windows-only by design
20261003-191547-0744	CP-8	Antiphon.Tests.Application.GrokRulesTransportCompatibilityTests	Unsafe_raw_rules_are_refused_server_side_before_runner_calls	NotExecuted	2bb89da3-b8bf-1de8-db3c-02f7a5e98198	Skipped: CARD-0382 Grok rules argv guard is Windows-only by design
20261003-191547-0744	CP-8	Antiphon.Tests.Application.PtyDeliveryCeilingsTests	A_runner_on_the_modern_backend_confirms_the_raised_ceilings	NotExecuted	caa9ba4e-b67d-7ce4-b86a-bfe69283034b	Skipped: no shipped conpty.dll: not Windows — there is no pseudoconsole to redirect
20261003-191547-0744	CP-8	Antiphon.Tests.Application.PtyDeliveryCeilingsTests	A_runner_on_the_inbox_conhost_downgrades_a_modern_server	NotExecuted	15ca2912-7259-328c-068b-7c6841db9de1	Skipped: no shipped conpty.dll: not Windows — there is no pseudoconsole to redirect
20261003-191547-0744	CP-8	Antiphon.Tests.Application.PtyDeliveryCeilingsTests	A_silent_runner_leaves_this_processes_own_decision_standing	NotExecuted	414a4ab8-5504-17b4-73cc-0a684b7f3f6f	Skipped: no shipped conpty.dll: not Windows — there is no pseudoconsole to redirect
20261003-191547-0744	CP-8	Antiphon.Tests.Application.SessionDeliveryProfileTests	Phone_home_Claude_keeps_the_inbox_ceiling_for_its_own_kind	NotExecuted	cea0db02-9f45-1757-2eb5-010068cbd0d2	Skipped: ConPTY only on Windows
20261003-191547-0744	CP-8	Antiphon.Tests.Application.SessionDeliveryProfileTests	Phone_home_Grok_never_uses_local_modern_evidence	NotExecuted	e23dc2bd-88cf-e931-a3b1-cc4f393566af	Skipped: ConPTY only on Windows
20261003-191547-0744	CP-8	Antiphon.Tests.Checkpoints.TimeoutTests	windows_chatty_row_drains_interleaved_stdout_and_stderr	NotExecuted	3dd858cf-4117-0afd-c1ef-454adf5156ce	Skipped: Windows row pipes must drain a large interleaved stdout and stderr.
20261003-191547-0744	CP-8	Antiphon.Tests.Checkpoints.TimeoutTests	windows_row_arguments_round_trip_intact	NotExecuted	25f5d742-f799-41d5-1b46-ce28e2f3a153	Skipped: Windows row arguments are delivered by ProcessStartInfo.ArgumentList.
20261003-191547-0744	CP-8	Antiphon.Tests.Checkpoints.TimeoutTests	windows_row_timeout_kills_the_start_b_grandchild	NotExecuted	303d25e8-18dd-704d-1367-e22f215c0032	Skipped: The descendant sweep kills a start /b grandchild on Windows.
20261003-191547-0744	CP-8	Antiphon.Tests.Checkpoints.TimeoutTests	windows_quick_row_finishes_beside_a_slow_row	NotExecuted	4b4a6c1d-5a38-5b5f-8d40-934163fb1f75	Skipped: Concurrent Windows row processes must not inherit each other's stdout pipes.
20261003-191547-0744	CP-8	Antiphon.Tests.Infrastructure.LandingRemovalPolicyControlTests	C721_HeldHandleDuringCleanupStaysRegisteredOrRecorded	NotExecuted	a04cf5ab-4083-8019-8e67-c3ce7dac523b	Skipped: Sharing-mode locks are a Windows file-system behaviour.
20261003-191547-0744	CP-8	Antiphon.Tests.Infrastructure.LandingRemovalPolicyControlTests	C665_LockedFileMidDeleteResumesOnLaterPass	NotExecuted	52f9ace0-7e82-9136-5f4a-e60574e82713	Skipped: Sharing-mode locks are a Windows file-system behaviour.
