load,iteration,status,exit,executed,sourceSha
idle,1,pass,0,17,0d68961ebd368be3fe604a546ef440ab09751551
idle,2,pass,0,17,0d68961ebd368be3fe604a546ef440ab09751551
idle,3,pass,0,17,0d68961ebd368be3fe604a546ef440ab09751551
idle,4,pass,0,17,0d68961ebd368be3fe604a546ef440ab09751551
idle,5,pass,0,17,0d68961ebd368be3fe604a546ef440ab09751551
idle,6,pass,0,17,0d68961ebd368be3fe604a546ef440ab09751551
idle,7,pass,0,17,0d68961ebd368be3fe604a546ef440ab09751551
idle,8,pass,0,17,0d68961ebd368be3fe604a546ef440ab09751551
idle,9,pass,0,17,0d68961ebd368be3fe604a546ef440ab09751551
idle,10,pass,0,17,0d68961ebd368be3fe604a546ef440ab09751551
load24,1,pass,0,17,0d68961ebd368be3fe604a546ef440ab09751551
load24,2,pass,0,17,0d68961ebd368be3fe604a546ef440ab09751551
load24,3,pass,0,17,0d68961ebd368be3fe604a546ef440ab09751551
load24,4,pass,0,17,0d68961ebd368be3fe604a546ef440ab09751551
load24,5,pass,0,17,0d68961ebd368be3fe604a546ef440ab09751551
