pc,load,iteration,status,exit,assertion,named,sourceSha
PC-5,idle,1,red,2,firstZeroSettleObservation,true,375ac064debefa69794b12f02fe41a7af286e72e
PC-5,idle,2,red,2,firstZeroSettleObservation,true,375ac064debefa69794b12f02fe41a7af286e72e
PC-5,idle,3,red,2,firstZeroSettleObservation,true,375ac064debefa69794b12f02fe41a7af286e72e
PC-5,idle,4,red,2,firstZeroSettleObservation,true,375ac064debefa69794b12f02fe41a7af286e72e
PC-5,idle,5,red,2,firstZeroSettleObservation,true,375ac064debefa69794b12f02fe41a7af286e72e
PC-5,load24,1,red,2,firstZeroSettleObservation,true,375ac064debefa69794b12f02fe41a7af286e72e
PC-5,load24,2,red,2,firstZeroSettleObservation,true,375ac064debefa69794b12f02fe41a7af286e72e
PC-5,load24,3,red,2,firstZeroSettleObservation,true,375ac064debefa69794b12f02fe41a7af286e72e
PC-6,idle,1,red,2,ready must survive,true,375ac064debefa69794b12f02fe41a7af286e72e
PC-6,idle,2,red,2,ready must survive,true,375ac064debefa69794b12f02fe41a7af286e72e
PC-6,idle,3,red,2,ready must survive,true,375ac064debefa69794b12f02fe41a7af286e72e
PC-6,idle,4,red,2,ready must survive,true,375ac064debefa69794b12f02fe41a7af286e72e
PC-6,idle,5,red,2,ready must survive,true,375ac064debefa69794b12f02fe41a7af286e72e
PC-6,load24,1,red,2,ready must survive,true,375ac064debefa69794b12f02fe41a7af286e72e
PC-6,load24,2,red,2,ready must survive,true,375ac064debefa69794b12f02fe41a7af286e72e
PC-6,load24,3,red,2,ready must survive,true,375ac064debefa69794b12f02fe41a7af286e72e
PC-10,idle,1,red,2,lateReadReady,true,375ac064debefa69794b12f02fe41a7af286e72e
PC-10,idle,2,red,2,lateReadReady,true,375ac064debefa69794b12f02fe41a7af286e72e
PC-10,idle,3,red,2,lateReadReady,true,375ac064debefa69794b12f02fe41a7af286e72e
PC-10,idle,4,red,2,lateReadReady,true,375ac064debefa69794b12f02fe41a7af286e72e
PC-10,idle,5,red,2,lateReadReady,true,375ac064debefa69794b12f02fe41a7af286e72e
PC-10,load24,1,red,2,lateReadReady,true,375ac064debefa69794b12f02fe41a7af286e72e
PC-10,load24,2,red,2,lateReadReady,true,375ac064debefa69794b12f02fe41a7af286e72e
PC-10,load24,3,red,2,lateReadReady,true,375ac064debefa69794b12f02fe41a7af286e72e
PC-11,idle,1,red,2,exitedReady,true,375ac064debefa69794b12f02fe41a7af286e72e
PC-11,idle,2,red,2,exitedReady,true,375ac064debefa69794b12f02fe41a7af286e72e
PC-11,idle,3,red,2,exitedReady,true,375ac064debefa69794b12f02fe41a7af286e72e
PC-11,idle,4,red,2,exitedReady,true,375ac064debefa69794b12f02fe41a7af286e72e
PC-11,idle,5,red,2,exitedReady,true,375ac064debefa69794b12f02fe41a7af286e72e
PC-11,load24,1,red,2,exitedReady,true,375ac064debefa69794b12f02fe41a7af286e72e
PC-11,load24,2,red,2,exitedReady,true,375ac064debefa69794b12f02fe41a7af286e72e
PC-11,load24,3,red,2,exitedReady,true,375ac064debefa69794b12f02fe41a7af286e72e
PC-18,idle,1,red,2,readyAfterNegativeBeforeThreshold,true,375ac064debefa69794b12f02fe41a7af286e72e
PC-18,idle,2,red,2,readyAfterNegativeBeforeThreshold,true,375ac064debefa69794b12f02fe41a7af286e72e
PC-18,idle,3,red,2,readyAfterNegativeBeforeThreshold,true,375ac064debefa69794b12f02fe41a7af286e72e
PC-18,idle,4,red,2,readyAfterNegativeBeforeThreshold,true,375ac064debefa69794b12f02fe41a7af286e72e
PC-18,idle,5,red,2,readyAfterNegativeBeforeThreshold,true,375ac064debefa69794b12f02fe41a7af286e72e
PC-18,load24,1,red,2,readyAfterNegativeBeforeThreshold,true,375ac064debefa69794b12f02fe41a7af286e72e
PC-18,load24,2,red,2,readyAfterNegativeBeforeThreshold,true,375ac064debefa69794b12f02fe41a7af286e72e
PC-18,load24,3,red,2,readyAfterNegativeBeforeThreshold,true,375ac064debefa69794b12f02fe41a7af286e72e
PC-20,idle,1,red,2,snapshotReads must equal completedDecisions,true,375ac064debefa69794b12f02fe41a7af286e72e
PC-20,idle,2,red,2,snapshotReads must equal completedDecisions,true,375ac064debefa69794b12f02fe41a7af286e72e
PC-20,idle,3,red,2,snapshotReads must equal completedDecisions,true,375ac064debefa69794b12f02fe41a7af286e72e
PC-20,idle,4,red,2,snapshotReads must equal completedDecisions,true,375ac064debefa69794b12f02fe41a7af286e72e
PC-20,idle,5,red,2,snapshotReads must equal completedDecisions,true,375ac064debefa69794b12f02fe41a7af286e72e
PC-20,load24,1,red,2,snapshotReads must equal completedDecisions,true,375ac064debefa69794b12f02fe41a7af286e72e
PC-20,load24,2,red,2,snapshotReads must equal completedDecisions,true,375ac064debefa69794b12f02fe41a7af286e72e
PC-20,load24,3,red,2,snapshotReads must equal completedDecisions,true,375ac064debefa69794b12f02fe41a7af286e72e
PC-24,idle,1,red,2,trustCompletionElapsed,true,131744457dc84275a8c79297161159fa25ed4348
PC-24,idle,2,red,2,trustCompletionElapsed,true,131744457dc84275a8c79297161159fa25ed4348
PC-24,idle,3,red,2,trustCompletionElapsed,true,131744457dc84275a8c79297161159fa25ed4348
PC-24,idle,4,red,2,trustCompletionElapsed,true,131744457dc84275a8c79297161159fa25ed4348
PC-24,idle,5,red,2,trustCompletionElapsed,true,131744457dc84275a8c79297161159fa25ed4348
PC-24,load24,1,red,2,trustCompletionElapsed,true,131744457dc84275a8c79297161159fa25ed4348
PC-24,load24,2,red,2,trustCompletionElapsed,true,131744457dc84275a8c79297161159fa25ed4348
PC-24,load24,3,red,2,trustCompletionElapsed,true,131744457dc84275a8c79297161159fa25ed4348
PC-25,idle,1,red,2,readyBeforeMinimumAge,true,375ac064debefa69794b12f02fe41a7af286e72e
PC-25,idle,2,red,2,readyBeforeMinimumAge,true,375ac064debefa69794b12f02fe41a7af286e72e
PC-25,idle,3,red,2,readyBeforeMinimumAge,true,375ac064debefa69794b12f02fe41a7af286e72e
PC-25,idle,4,red,2,readyBeforeMinimumAge,true,375ac064debefa69794b12f02fe41a7af286e72e
PC-25,idle,5,red,2,readyBeforeMinimumAge,true,375ac064debefa69794b12f02fe41a7af286e72e
PC-25,load24,1,red,2,readyBeforeMinimumAge,true,375ac064debefa69794b12f02fe41a7af286e72e
PC-25,load24,2,red,2,readyBeforeMinimumAge,true,375ac064debefa69794b12f02fe41a7af286e72e
PC-25,load24,3,red,2,readyBeforeMinimumAge,true,375ac064debefa69794b12f02fe41a7af286e72e
PC-26,idle,1,red,2,readyWithFloorModal,true,375ac064debefa69794b12f02fe41a7af286e72e
PC-26,idle,2,red,2,readyWithFloorModal,true,375ac064debefa69794b12f02fe41a7af286e72e
PC-26,idle,3,red,2,readyWithFloorModal,true,375ac064debefa69794b12f02fe41a7af286e72e
PC-26,idle,4,red,2,readyWithFloorModal,true,375ac064debefa69794b12f02fe41a7af286e72e
PC-26,idle,5,red,2,readyWithFloorModal,true,375ac064debefa69794b12f02fe41a7af286e72e
PC-26,load24,1,red,2,readyWithFloorModal,true,375ac064debefa69794b12f02fe41a7af286e72e
PC-26,load24,2,red,2,readyWithFloorModal,true,375ac064debefa69794b12f02fe41a7af286e72e
PC-26,load24,3,red,2,readyWithFloorModal,true,375ac064debefa69794b12f02fe41a7af286e72e
PC-28,idle,1,red,2,completionElapsed,true,131744457dc84275a8c79297161159fa25ed4348
PC-28,idle,2,red,2,completionElapsed,true,131744457dc84275a8c79297161159fa25ed4348
PC-28,idle,3,red,2,completionElapsed,true,131744457dc84275a8c79297161159fa25ed4348
PC-28,idle,4,red,2,completionElapsed,true,131744457dc84275a8c79297161159fa25ed4348
PC-28,idle,5,red,2,completionElapsed,true,131744457dc84275a8c79297161159fa25ed4348
PC-28,load24,1,red,2,completionElapsed,true,131744457dc84275a8c79297161159fa25ed4348
PC-28,load24,2,red,2,completionElapsed,true,131744457dc84275a8c79297161159fa25ed4348
PC-28,load24,3,red,2,completionElapsed,true,131744457dc84275a8c79297161159fa25ed4348
PC-29,idle,1,red,2,trustCompletionElapsed inside originalMax,true,131744457dc84275a8c79297161159fa25ed4348
PC-29,idle,2,red,2,trustCompletionElapsed inside originalMax,true,131744457dc84275a8c79297161159fa25ed4348
PC-29,idle,3,red,2,trustCompletionElapsed inside originalMax,true,131744457dc84275a8c79297161159fa25ed4348
PC-29,idle,4,red,2,trustCompletionElapsed inside originalMax,true,131744457dc84275a8c79297161159fa25ed4348
PC-29,idle,5,red,2,trustCompletionElapsed inside originalMax,true,131744457dc84275a8c79297161159fa25ed4348
PC-29,load24,1,red,2,trustCompletionElapsed inside originalMax,true,131744457dc84275a8c79297161159fa25ed4348
PC-29,load24,2,red,2,trustCompletionElapsed inside originalMax,true,131744457dc84275a8c79297161159fa25ed4348
PC-29,load24,3,red,2,trustCompletionElapsed inside originalMax,true,131744457dc84275a8c79297161159fa25ed4348
PC-30a,idle,1,red,2,OperationCanceledException,true,375ac064debefa69794b12f02fe41a7af286e72e
PC-30a,idle,2,red,2,OperationCanceledException,true,375ac064debefa69794b12f02fe41a7af286e72e
PC-30a,idle,3,red,2,OperationCanceledException,true,375ac064debefa69794b12f02fe41a7af286e72e
PC-30a,idle,4,red,2,OperationCanceledException,true,375ac064debefa69794b12f02fe41a7af286e72e
PC-30a,idle,5,red,2,OperationCanceledException,true,375ac064debefa69794b12f02fe41a7af286e72e
PC-30a,load24,1,red,2,OperationCanceledException,true,375ac064debefa69794b12f02fe41a7af286e72e
PC-30a,load24,2,red,2,OperationCanceledException,true,375ac064debefa69794b12f02fe41a7af286e72e
PC-30a,load24,3,red,2,OperationCanceledException,true,375ac064debefa69794b12f02fe41a7af286e72e
PC-30b,idle,1,red,2,OperationCanceledException,true,375ac064debefa69794b12f02fe41a7af286e72e
PC-30b,idle,2,red,2,OperationCanceledException,true,375ac064debefa69794b12f02fe41a7af286e72e
PC-30b,idle,3,red,2,OperationCanceledException,true,375ac064debefa69794b12f02fe41a7af286e72e
PC-30b,idle,4,red,2,OperationCanceledException,true,375ac064debefa69794b12f02fe41a7af286e72e
PC-30b,idle,5,red,2,OperationCanceledException,true,375ac064debefa69794b12f02fe41a7af286e72e
PC-30b,load24,1,red,2,OperationCanceledException,true,375ac064debefa69794b12f02fe41a7af286e72e
PC-30b,load24,2,red,2,OperationCanceledException,true,375ac064debefa69794b12f02fe41a7af286e72e
PC-30b,load24,3,red,2,OperationCanceledException,true,375ac064debefa69794b12f02fe41a7af286e72e
PC-31,idle,1,red,2,snapshotFailureOutcome,true,375ac064debefa69794b12f02fe41a7af286e72e
PC-31,idle,2,red,2,snapshotFailureOutcome,true,375ac064debefa69794b12f02fe41a7af286e72e
PC-31,idle,3,red,2,snapshotFailureOutcome,true,375ac064debefa69794b12f02fe41a7af286e72e
PC-31,idle,4,red,2,snapshotFailureOutcome,true,375ac064debefa69794b12f02fe41a7af286e72e
PC-31,idle,5,red,2,snapshotFailureOutcome,true,375ac064debefa69794b12f02fe41a7af286e72e
PC-31,load24,1,red,2,snapshotFailureOutcome,true,375ac064debefa69794b12f02fe41a7af286e72e
PC-31,load24,2,red,2,snapshotFailureOutcome,true,375ac064debefa69794b12f02fe41a7af286e72e
PC-31,load24,3,red,2,snapshotFailureOutcome,true,375ac064debefa69794b12f02fe41a7af286e72e
PC-41,idle,1,red,2,logSecretSentinel,true,375ac064debefa69794b12f02fe41a7af286e72e
PC-41,idle,2,red,2,logSecretSentinel,true,375ac064debefa69794b12f02fe41a7af286e72e
PC-41,idle,3,red,2,logSecretSentinel,true,375ac064debefa69794b12f02fe41a7af286e72e
PC-41,idle,4,red,2,logSecretSentinel,true,375ac064debefa69794b12f02fe41a7af286e72e
PC-41,idle,5,red,2,logSecretSentinel,true,375ac064debefa69794b12f02fe41a7af286e72e
PC-41,load24,1,red,2,logSecretSentinel,true,375ac064debefa69794b12f02fe41a7af286e72e
PC-41,load24,2,red,2,logSecretSentinel,true,375ac064debefa69794b12f02fe41a7af286e72e
PC-41,load24,3,red,2,logSecretSentinel,true,375ac064debefa69794b12f02fe41a7af286e72e
PC-44,idle,1,red,2,readsAfterFailureDecision,true,375ac064debefa69794b12f02fe41a7af286e72e
PC-44,idle,2,red,2,readsAfterFailureDecision,true,375ac064debefa69794b12f02fe41a7af286e72e
PC-44,idle,3,red,2,readsAfterFailureDecision,true,375ac064debefa69794b12f02fe41a7af286e72e
PC-44,idle,4,red,2,readsAfterFailureDecision,true,375ac064debefa69794b12f02fe41a7af286e72e
PC-44,idle,5,red,2,readsAfterFailureDecision,true,375ac064debefa69794b12f02fe41a7af286e72e
PC-44,load24,1,red,2,readsAfterFailureDecision,true,375ac064debefa69794b12f02fe41a7af286e72e
PC-44,load24,2,red,2,readsAfterFailureDecision,true,375ac064debefa69794b12f02fe41a7af286e72e
PC-44,load24,3,red,2,readsAfterFailureDecision,true,375ac064debefa69794b12f02fe41a7af286e72e
PC-42,idle,1,red,2,readyAfterUtcJumpWithoutElapsed,true,7ec41f5ebd27f602e27ee20ed1636e7762545441
PC-42,idle,2,red,2,readyAfterUtcJumpWithoutElapsed,true,7ec41f5ebd27f602e27ee20ed1636e7762545441
PC-42,idle,3,red,2,readyAfterUtcJumpWithoutElapsed,true,7ec41f5ebd27f602e27ee20ed1636e7762545441
PC-42,idle,4,red,2,readyAfterUtcJumpWithoutElapsed,true,7ec41f5ebd27f602e27ee20ed1636e7762545441
PC-42,idle,5,red,2,readyAfterUtcJumpWithoutElapsed,true,7ec41f5ebd27f602e27ee20ed1636e7762545441
PC-42,load24,1,red,2,readyAfterUtcJumpWithoutElapsed,true,7ec41f5ebd27f602e27ee20ed1636e7762545441
PC-42,load24,2,red,2,readyAfterUtcJumpWithoutElapsed,true,7ec41f5ebd27f602e27ee20ed1636e7762545441
PC-42,load24,3,red,2,readyAfterUtcJumpWithoutElapsed,true,7ec41f5ebd27f602e27ee20ed1636e7762545441
