C	015dc1ee	Succeeded	a0c6682e7c8f5e87acb53c655025c2236fc69b0b	CONFLICT;touched=4;differNow=3;conflicts=server/Application/Services/AgentTaskDispatcher.cs,src/Antiphon.SessionRunner/PhoneHomeCommandDispatcher.cs,tests/Antiphon.SessionRunner.Tests/PhoneHomeCommandDispatcherTests.cs,	-	-	-	-	0
C	0506a1cd	Succeeded	4d6b87782b25f3bcd93672b9062e80933e59d02c	EMPTY;touched=4;differNow=0	-	-	-	-	0
C	05522ab3	Succeeded	b893f665ed906bf3b04ca62eea592c497c9f8bc2	CONFLICT;touched=1;differNow=1;conflicts=docs/superpowers/plans/2026-09-17-card-0550-native-land-check-v26-evidence-and-barrier-plan.md,Auto-merging docs/superpowers/plans/2026-09-17-card-0550-native-land-check-v26-evidence-and-barrier-plan.md,CONFLICT (add/add): Merge conflict in docs/superpowers/plans/2026-09-17-card-0550-native-land-check-v26-evidence-and-barrier-plan.md,	-	-	-	-	0
C	08084c5f	Succeeded	02137b740705613bc8f3d49fb689b0ad1fb81264	EMPTY;touched=1;differNow=0	-	-	-	-	0
C	08e6f2d2	Succeeded	396aa8161d66ce9521875b25adec840f87145592	CONFLICT;touched=1;differNow=1;conflicts=docs/superpowers/plans/2026-09-26-card-0726-runner-and-journal-alarms-plan.md,Auto-merging docs/superpowers/plans/2026-09-26-card-0726-runner-and-journal-alarms-plan.md,CONFLICT (add/add): Merge conflict in docs/superpowers/plans/2026-09-26-card-0726-runner-and-journal-alarms-plan.md,	-	-	-	-	0
C	0c270f73	Succeeded	d3426fa8486d6054d6bc066a9b1695fa02128aec	EMPTY;touched=1;differNow=0	-	-	-	-	0
C	0d279883	Succeeded	05f0253f909fe0c1e0968eb7cd3ff65c95885f4c	EMPTY;touched=25;differNow=3	-	-	-	-	0
C	176e26d6	Succeeded	8f7bb031d170b95506071d7fbd1dc87e39454272	CONFLICT;touched=5;differNow=4;conflicts=docs/logs.md,docs/ops-http.md,scripts/logs.ps1,	-	-	-	-	0
C	1fe6de8e	Succeeded	a0edbbdfe87c09938d8d3d7b2003fa7a5fccb27f	EMPTY;touched=8;differNow=2	-	-	-	-	0
C	2060e274	Succeeded	96dc68c7deb6400abdb7adc9a6f8db9ea61dc4c1	CONFLICT;touched=40;differNow=34;conflicts=docker-compose.server2-runner.yml,docs/agent-credentials.md,docs/ops-http.md,	-	-	-	-	0
C	24bc78b2	Succeeded	434133060cbb6ed8802875f27c902a2b9b14bb62	EMPTY;touched=1;differNow=0	-	-	-	-	0
C	26d9c3d8	Succeeded	c308a510f6b31c9e4dd60aca3ee820aa7ecfb23d	CONFLICT;touched=54;differNow=26;conflicts=.dockerignore,docker-compose.test.yml,docker-compose.yml,	-	-	-	-	1
C	2837720d	Succeeded	d2e733a653a22b627eb512544fca367c47d02810	EMPTY;touched=7;differNow=0	-	-	-	-	0
C	2b722beb	Succeeded	4e6b27414ac425735fa2d71da2e0eacc41901e63	CONFLICT;touched=13;differNow=12;conflicts=server/Application/Dtos/LandingDtos.cs,server/Application/Services/AgentTaskLandService.cs,server/Application/Services/AgentTaskLandSourceResolver.cs,	-	-	-	-	0
C	2be23858	Succeeded	b1e8a436867a7af47decf7b8f9365c6af3195221	EMPTY;touched=3;differNow=0	-	-	-	-	0
C	2c621fdc	Succeeded	7d8d279f93f6806e9bded0255cf98a4c252f2031	EMPTY;touched=5;differNow=1	-	-	-	-	0
C	320b47d9	Succeeded	b52e76bb13eb23cd4bce879e99d9276ed363c01f	EMPTY;touched=5;differNow=0	-	-	-	-	0
C	354b15be	Succeeded	514dfaaf58a63398d4ca6c68597b514ed430b02d	CONFLICT;touched=1;differNow=1;conflicts=tests/Antiphon.Tests/slow-tests-allowlist.txt,Auto-merging tests/Antiphon.Tests/slow-tests-allowlist.txt,CONFLICT (content): Merge conflict in tests/Antiphon.Tests/slow-tests-allowlist.txt,	-	-	-	-	0
C	35b8f15d	Succeeded	73c491dbcd9e40fc0df44a1ff0584f968b2f2b65	EMPTY;touched=7;differNow=0	-	-	-	-	0
C	364eea2f	Succeeded	624492d4455bc4e9260900317f20c2d7dbc55f9e	EMPTY;touched=14;differNow=2	-	-	-	-	0
C	3895b67b	Succeeded	d65a17c9ef89ba5941f9905e3c9497bfe0eba8a4	CONFLICT;touched=1;differNow=1;conflicts=docs/superpowers/plans/2026-09-25-card-0727-rolling-runner-upgrade-plan.md,Auto-merging docs/superpowers/plans/2026-09-25-card-0727-rolling-runner-upgrade-plan.md,CONFLICT (add/add): Merge conflict in docs/superpowers/plans/2026-09-25-card-0727-rolling-runner-upgrade-plan.md,	-	-	-	-	0
C	39d0e7e2	Succeeded	673cd50c6db24f84463d8a0aaade0fc7e2dec27b	CONFLICT;touched=46;differNow=5;conflicts=server/Application/Services/ChannelBridgeService.cs,tests/Antiphon.Tests/Application/ChannelInboundRecoveryTests.cs,tools/Antiphon.Checkpoints/Slots/BuildSlotClient.cs,	-	-	-	-	0
C	443b21c2	Succeeded	5b1c2e0fbdfc83fdda8568bd04fd7651db3eb97c	CONFLICT;touched=9;differNow=9;conflicts=server/Application/Services/AgentTaskDispatcher.cs,server/Application/Services/AgentTaskService.cs,server/Application/Services/DefaultRunnerRoutingPolicy.cs,	-	-	-	-	0
C	4745f0d3	Succeeded	b5329541c95a6a1c93508d54345165c5d22ef807	EMPTY;touched=9;differNow=5	-	-	-	-	0
C	492a3ddb	Succeeded	0595e8e93b45299fdbac16865f18ef5b9e0e7011	EMPTY;touched=1;differNow=0	-	-	-	-	0
C	520f3e0a	Succeeded	2b47c3d166acd87f2e2742cb6df2f7373bffea0f	CONFLICT;touched=17;differNow=9;conflicts=docs/session-runtime-invariants.md,server/Application/Services/SessionMessageQueueService.cs,tests/Antiphon.Tests/Application/DurableRunnerSpillReceiptTests.cs,	-	-	-	-	0
C	53529ab7	Succeeded	b91a821a709bfd9437353b4b52d005f800a572de	EMPTY;touched=1;differNow=0	-	-	-	-	0
C	5b76bd03	Succeeded	47c5f7246236c8c92cc697aa09db712ece7b8f3a	EMPTY;touched=2;differNow=0	-	-	-	-	0
C	5b8e6931	Succeeded	8c377d6277d3bac5b10c17abbfa8656988f4a539	CONFLICT;touched=12;differNow=3;conflicts=server/appsettings.json,tests/Antiphon.Tests/Application/WorktreeRetirementRaceTests.cs,Auto-merging server/Program.cs,	-	-	-	-	0
C	5dc73c10	Succeeded	fcd657c2d91d49eace5a4ae14276c3e035ada11f	CONFLICT;touched=15;differNow=2;conflicts=server/Application/Services/DispatchHoldDetails.cs,Auto-merging server/Application/Services/AgentTaskLandNotificationService.cs,Auto-merging server/Application/Services/DispatchHoldDetails.cs,	-	-	-	-	0
C	5ef9bb0e	Succeeded	5f32849af54f50b512c73d25bc0d50349e4ce1c3	CONFLICT;touched=1;differNow=1;conflicts=docs/superpowers/plans/2026-09-24-card-0657-runner-settlement-sync-plan.md,Auto-merging docs/superpowers/plans/2026-09-24-card-0657-runner-settlement-sync-plan.md,CONFLICT (add/add): Merge conflict in docs/superpowers/plans/2026-09-24-card-0657-runner-settlement-sync-plan.md,	-	-	-	-	0
C	609f77b4	Succeeded	59a93e5156f763e2b17f1331fbbdf6377951ff40	CONFLICT;touched=1;differNow=1;conflicts=docs/superpowers/plans/2026-09-26-card-0718-host-stats-plan.md,Auto-merging docs/superpowers/plans/2026-09-26-card-0718-host-stats-plan.md,CONFLICT (content): Merge conflict in docs/superpowers/plans/2026-09-26-card-0718-host-stats-plan.md,	-	-	-	-	0
C	6123de4a	Succeeded	196f21e068af05af1221518fa8dada0789bd6447	EMPTY;touched=1;differNow=0	-	-	-	-	0
C	6195a018	Succeeded	75c7a683cdabfff77df65bc8786c99e745788e3e	EMPTY;touched=2;differNow=0	-	-	-	-	0
C	65d09da0	Succeeded	38c96afb87e293d531b631fa0c5ab8fefc0ae8f9	EMPTY;touched=1;differNow=0	-	-	-	-	0
C	66d7aac9	Succeeded	1711e111566cc357d8d52bc735ec330f8f32cff0	EMPTY;touched=1;differNow=0	-	-	-	-	0
C	67e84356	Succeeded	16f0a8caf3f41ca59220873a3c561979810233be	CONFLICT;touched=2;differNow=1;conflicts=docs/superpowers/plans/2026-09-25-card-0714-grok-report-attribution-plan.md,Auto-merging docs/superpowers/plans/2026-09-25-card-0714-grok-report-attribution-plan.md,CONFLICT (add/add): Merge conflict in docs/superpowers/plans/2026-09-25-card-0714-grok-report-attribution-plan.md,	-	-	-	-	0
C	695a54a1	Succeeded	4c3f23efe0a707697b76d3717ebf75cbfaabe5fe	CONFLICT;touched=6;differNow=5;conflicts=server/Application/Services/AgentTaskDispatcher.cs,server/Application/Services/AgentTaskService.cs,Auto-merging docs/orchestration-loop.md,	-	-	-	-	0
C	7102ff54	Succeeded	40527766b920bd8508545c2d440671361de5161e	EMPTY;touched=1;differNow=0	-	-	-	-	0
C	7404e327	Succeeded	4646a8ba6b30cff00290ec5c9b581e9b78fac399	CONFLICT;touched=9;differNow=4;conflicts=tests/Antiphon.Tests/TestHelpers/ScaledTimeProviderTests.cs,Auto-merging docs/testing-and-build.md,Auto-merging tests/Antiphon.Tests/TestHelpers/BridgeQueueHarness.cs,	-	-	-	-	0
C	743f9bdd	Succeeded	eef41cb471bca270120bb768a58e239d2fa34961	EMPTY;touched=1;differNow=0	-	-	-	-	0
C	7e73872f	Succeeded	d0a26a56890fa65ede0708592906abf74da3e5af	CONFLICT;touched=9;differNow=9;conflicts=tests/Antiphon.E2E/Fixtures/LandDeliveryOptions.cs,tests/Antiphon.Tests/Application/AgentTaskLandMonitoringTests.cs,tests/Antiphon.Tests/Application/AgentTaskLandPublicationTests.cs,	-	-	-	-	6
C	7f644884	Succeeded	125f8dda23cce27abf2acfb37e294e1d7eddee63	CONFLICT;touched=7;differNow=4;conflicts=docker-compose.server2-runner.yml,docker/stack/init-state.sh,scripts/verify-card0660-codex-image.ps1,	-	-	-	-	0
C	86684fa2	Succeeded	6759af616fd47c99d0ffa30df476501bb20d5553	CONFLICT;touched=42;differNow=10;conflicts=docker-compose.server2-runner.yml,server/Infrastructure/Agents/SessionRunner/PhoneHomeRunnerClient.cs,src/Antiphon.SessionRunner.Contracts/PhoneHomeContracts.cs,	-	-	-	-	0
C	8a0ddf38	Succeeded	c206cd7fc45bae7d63663f19a77d30148b21e565	CONFLICT;touched=24;differNow=10;conflicts=docs/ops-http.md,server/Application/Services/LandOperationFactory.cs,Auto-merging docs/ops-http.md,	-	-	-	-	0
C	8afa8f97	Succeeded	2fc8b3d2ce01d4aaf0d3240e7aabfd4e7129e8d7	CONFLICT;touched=1;differNow=1;conflicts=docs/investigations/2026-09-24-card-0664-consumer-slot-release.md,Auto-merging docs/investigations/2026-09-24-card-0664-consumer-slot-release.md,CONFLICT (add/add): Merge conflict in docs/investigations/2026-09-24-card-0664-consumer-slot-release.md,	-	-	-	-	0
C	924d72d5	Succeeded	9bda7bb2d578644b02c0e9b469772c95ad38b99b	CONFLICT;touched=2;differNow=1;conflicts=docs/superpowers/plans/2026-09-17-card-0558-stages-as-shareable-workflows-plan.md,Auto-merging docs/superpowers/plans/2026-09-17-card-0558-stages-as-shareable-workflows-plan.md,CONFLICT (add/add): Merge conflict in docs/superpowers/plans/2026-09-17-card-0558-stages-as-shareable-workflows-plan.md,	-	-	-	-	0
C	98f352ee	Succeeded	c2f58530cf27e126b95e3324a5c8a4d7e5f3f6f5	CONFLICT;touched=81;differNow=31;conflicts=docs/testing-and-build.md,scripts/run-checkpoint.ps1,server/Bundles/stage-review.md,	c2f58530cf27e126b95e3324a5c8a4d7e5f3f6f5	SAMEASREMOTE	0	-	0
C	a1ee8274	Succeeded	40f30b38d102ee8cb1bbabc510dc025656804914	CONFLICT;touched=22;differNow=9;conflicts=server/Application/Services/AgentSessionService.cs,server/Infrastructure/Agents/SessionRunner/PhoneHomeRunnerClient.cs,tests/Antiphon.SessionRunner.Tests/PhoneHomeCommandDispatcherTests.cs,	-	-	-	-	0
C	a2eb29f3	Succeeded	61c765510aa973af97eff1cb67bd0b8b6c94d378	CONFLICT;touched=45;differNow=16;conflicts=docs/orchestration-loop.md,tests/Antiphon.Tests/Application/AgentTaskDispatchBaseGuardTests.cs,Auto-merging docs/ops-http.md,	-	-	-	-	0
C	a57a83df	Succeeded	9f36fd341b65278d0d5f4bd07abaf07808dcc9c2	CONFLICT;touched=7;differNow=7;conflicts=server/Application/Services/AgentTaskService.cs,server/Application/Services/DefaultRunnerRoutingPolicy.cs,server/Application/Settings/PhoneHomeRunnerSettings.cs,	-	-	-	-	0
C	a8685a72	Succeeded	f8b914cb23ddf83f3e9c6f5cff0ae0d47fe9174d	EMPTY;touched=1;differNow=0	-	-	-	-	0
C	ac940931	Succeeded	dc188f9cbeaf87c2ccba22fbf41059440c09069a	CONFLICT;touched=4;differNow=4;conflicts=scripts/run-checkpoint.ps1,scripts/test-run-checkpoint.ps1,tests/Antiphon.Tests/Scripts/RunCheckpointScriptTests.cs,	-	-	-	-	0
C	ad64242f	Succeeded	89a00a7bc4cf30e9adc44c32a226b29c10b784a6	EMPTY;touched=16;differNow=5	-	-	-	-	0
C	b09e4b51	Succeeded	c1b319423cd194d1078f9f30b9121fbb2d2647d0	EMPTY;touched=5;differNow=1	-	-	-	-	0
C	b18bb8e3	Succeeded	c642611c963f7c0d67520c8f2e0da9c26143d4a2	CONFLICT;touched=16;differNow=8;conflicts=server/Application/Services/AgentTaskService.cs,server/Program.cs,Auto-merging docs/ops-http.md,	-	-	-	-	0
C	b2059dec	Succeeded	6dfb0131c93bf7e1d050e2f256851d589dc45484	EMPTY;touched=9;differNow=3	-	-	-	-	0
C	b84e8f78	Succeeded	171cdc1c8546cac37c7b29f60242117ba96fa3d7	EMPTY;touched=3;differNow=0	-	-	-	-	0
C	b98941a2	Succeeded	4813063ac44760c5f2a7535e3832e353fc5004d5	EMPTY;touched=2;differNow=1	-	-	-	-	0
C	bc1b49f8	Succeeded	de02b4d6a08d8d37d3f979f8b5d158dfffe38c1f	CONFLICT;touched=28;differNow=11;conflicts=docs/session-runtime-invariants.md,docs/telegram.md,server/Application/Services/ChannelBridgeService.cs,	-	-	-	-	0
C	bc527408	Succeeded	0467ca3b79e319abb64a835fa78ae54dd1d216ac	CONFLICT;touched=33;differNow=15;conflicts=scripts/runner-drain.ps1,server/Api/Endpoints/SessionRunnerEndpoints.cs,tests/Antiphon.Tests/Application/PhoneHomeRollingRunnerTests.cs,	-	-	-	-	0
C	bddfb3cc	Succeeded	cde78c6e3b6f7e2c608d6d96699fe13991e1c29b	CONFLICT;touched=9;differNow=6;conflicts=tests/Antiphon.Tests/TestHelpers/LandingSafetyHarness.cs,Auto-merging docs/orchestration-loop.md,Auto-merging server/Application/Services/AgentTaskLandService.cs,	-	-	-	-	0
C	bf7e81ee	Succeeded	131c7b4a0859235feabf216a2608a656095113b5	CONFLICT;touched=15;differNow=8;conflicts=docker-compose.server2-runner.yml,docker/stack/init-state.sh,scripts/verify-card0660-codex-image.ps1,	-	-	-	-	0
C	bf99de0b	Succeeded	c8caa818bdfdcbc804bdcd0542892a2cbfb3bd15	EMPTY;touched=1;differNow=0	-	-	-	-	0
C	ca27166b	Succeeded	e246af840698c70b8f368271395e4691eae9ec7c	EMPTY;touched=1;differNow=0	-	-	-	-	0
C	cac8ee15	Succeeded	1f2df231aac5b7ae7477cb436343d35a10ea819e	CONFLICT;touched=4;differNow=2;conflicts=docs/testing-and-build.md,Auto-merging docs/bootstrap.md,Auto-merging docs/testing-and-build.md,	-	-	-	-	0
C	cb2632b3	Succeeded	b0590de160820fdfef1c71e2d14313d93009fc4a	CONFLICT;touched=8;differNow=8;conflicts=docker/session-runner-grok/Dockerfile,server/Infrastructure/Git/LandingGit.cs,Auto-merging docker/session-runner-grok/Dockerfile,	-	-	-	-	0
C	d0498628	Succeeded	64c1f1b6dc8d59ccdb3bb85c023af480c23d1e78	CONFLICT;touched=8;differNow=5;conflicts=server/Application/Services/TypedBodySpill.cs,tests/Antiphon.SessionRunner.Tests/PtyHostLeakSweep.cs,tests/Antiphon.Tests/Application/PtyDeliveryCeilingsTests.cs,	-	-	-	-	0
C	d0abdf16	Succeeded	ec4ff7ff540cf34d098ad7481f3722009dec8516	CONFLICT;touched=10;differNow=5;conflicts=docs/ops-http.md,server/Application/Settings/PhoneHomeRunnerSettings.cs,Auto-merging docs/agent-credentials.md,	-	-	-	-	0
C	d5219854	Succeeded	eca307e287f6c3cfc8aea31f4fb408db0357ffc9	CONFLICT;touched=2;differNow=1;conflicts=docs/superpowers/plans/2026-09-24-card-0679-phone-home-launch-loss-plan.md,Auto-merging docs/superpowers/plans/2026-09-24-card-0679-phone-home-launch-loss-plan.md,CONFLICT (add/add): Merge conflict in docs/superpowers/plans/2026-09-24-card-0679-phone-home-launch-loss-plan.md,	-	-	-	-	0
C	da543237	Succeeded	1ebfb5fb6b485729c33bac5b8174fb5accc7454b	EMPTY;touched=23;differNow=3	-	-	-	-	0
C	da9b64d7	Succeeded	42091a7f1119ffd0d1d18250a99cf5c8cb20a108	EMPTY;touched=54;differNow=6	-	-	-	-	0
C	db094bcc	Succeeded	c4febb15043ec78fb2485ced951747d5aec48d53	CONFLICT;touched=21;differNow=16;conflicts=docker-compose.server2-runner.yml,docker/stack/init-state.sh,docs/testing-and-build.md,	-	-	-	-	0
C	db8122fd	Succeeded	b43c3a5e3038179150e4b888ade8a41688210fa1	CONFLICT;touched=9;differNow=5;conflicts=server/Application/Settings/PhoneHomeRunnerSettings.cs,server/Infrastructure/Agents/SessionRunner/PhoneHomeRecoveryPump.cs,Auto-merging server/Application/Services/AgentSessionRuntime.cs,	-	-	-	-	0
C	e070938a	Succeeded	4f954303f4a01e6ffd0329b5a710a251e1b47b7f	EMPTY;touched=1;differNow=0	-	-	-	-	0
C	e730ae22	Succeeded	86beefe64cd04b94a0da65bef71d9e2957bca54c	EMPTY;touched=1;differNow=0	-	-	-	-	0
C	e9f20adc	Succeeded	777cc629b8e8c3ba6398dd82155fbe50bcf21770	CONFLICT;touched=21;differNow=11;conflicts=server/Application/Services/DispatchHoldDetails.cs,server/Application/Services/ExpectationLedger.cs,server/Application/Services/ExpectationObservation.cs,	-	-	-	-	0
C	ea7d1a1c	Succeeded	4fe3bce933bb061af6a872ef24835365448ee9c7	CONFLICT;touched=1;differNow=1;conflicts=docs/superpowers/plans/2026-09-26-card-0726-runner-and-journal-alarms-plan.md,Auto-merging docs/superpowers/plans/2026-09-26-card-0726-runner-and-journal-alarms-plan.md,CONFLICT (add/add): Merge conflict in docs/superpowers/plans/2026-09-26-card-0726-runner-and-journal-alarms-plan.md,	-	-	-	-	0
C	ee01d18e	Succeeded	44d1a8d7a5014000400d7a6ec57e46c682934f6b	CONFLICT;touched=1;differNow=1;conflicts=docs/superpowers/plans/2026-09-25-card-0688-dedicated-land-worktree-plan.md,Auto-merging docs/superpowers/plans/2026-09-25-card-0688-dedicated-land-worktree-plan.md,CONFLICT (add/add): Merge conflict in docs/superpowers/plans/2026-09-25-card-0688-dedicated-land-worktree-plan.md,	-	-	-	-	0
C	f3e2953f	Succeeded	7dc2bca118558e5cb0347191dc5bd5e9d347ec34	CONFLICT;touched=7;differNow=7;conflicts=docs/ops-http.md,server/Api/Endpoints/SessionRunnerEndpoints.cs,server/Infrastructure/Agents/SessionRunner/PhoneHomeLiveConnection.cs,	-	-	-	-	0
C	f5d7a783	Succeeded	629d2dccd7519a48fd640bf222ae9444314ad9f7	EMPTY;touched=16;differNow=0	629d2dccd7519a48fd640bf222ae9444314ad9f7	SAMEASREMOTE	0	-	0
C	f5fe113e	Succeeded	6663fab76e740106af38ab5bee49713c80a08906	CONFLICT;touched=29;differNow=2;conflicts=tools/Antiphon.Checkpoints/Slots/BuildSlotClient.cs,Auto-merging docs/testing-and-build.md,Auto-merging tools/Antiphon.Checkpoints/Slots/BuildSlotClient.cs,	6663fab76e740106af38ab5bee49713c80a08906	SAMEASREMOTE	0	-	0
C	f602d622	Succeeded	597fe2693f96f1fa32441c621a28762b59e831bd	CONFLICT;touched=1;differNow=1;conflicts=docs/superpowers/plans/2026-09-24-card-0660-codex-on-server2-plan.md,Auto-merging docs/superpowers/plans/2026-09-24-card-0660-codex-on-server2-plan.md,CONFLICT (add/add): Merge conflict in docs/superpowers/plans/2026-09-24-card-0660-codex-on-server2-plan.md,	-	-	-	-	0
C	f646569d	Succeeded	145ac6028b1b62a1a007b8a55ba646551f58cd41	CONFLICT;touched=10;differNow=3;conflicts=tests/Antiphon.Tests/Application/AgentTaskDispatchBaseGuardTests.cs,tests/Antiphon.Tests/TestHelpers/TestWorkerModes.cs,Auto-merging docs/testing-and-build.md,	-	-	-	-	0
C	f908a771	Succeeded	4063a46d758b95619043aa6cdaa7490cddadfc0b	CONFLICT;touched=1;differNow=1;conflicts=docs/superpowers/plans/2026-09-25-card-0727-rolling-runner-upgrade-plan.md,Auto-merging docs/superpowers/plans/2026-09-25-card-0727-rolling-runner-upgrade-plan.md,CONFLICT (add/add): Merge conflict in docs/superpowers/plans/2026-09-25-card-0727-rolling-runner-upgrade-plan.md,	-	-	-	-	0
C	fb612012	Succeeded	7b1abc8dcf347657e8e613dccd17b84a33be8bc7	CONFLICT;touched=1;differNow=1;conflicts=docs/superpowers/plans/2026-09-24-card-0665-land-cleanup-disposable-content-plan.md,Auto-merging docs/superpowers/plans/2026-09-24-card-0665-land-cleanup-disposable-content-plan.md,CONFLICT (add/add): Merge conflict in docs/superpowers/plans/2026-09-24-card-0665-land-cleanup-disposable-content-plan.md,	-	-	-	-	0
D	00f66c8f	Succeeded	25e41f3551024f86db72c26b733c176900c88a27	CONFLICT;touched=1;differNow=1;conflicts=docs/superpowers/plans/2026-09-25-card-0727-rolling-runner-upgrade-plan.md,Auto-merging docs/superpowers/plans/2026-09-25-card-0727-rolling-runner-upgrade-plan.md,CONFLICT (add/add): Merge conflict in docs/superpowers/plans/2026-09-25-card-0727-rolling-runner-upgrade-plan.md,	25e41f3551024f86db72c26b733c176900c88a27	SAMEASREMOTE	0	-	0
D	02983cde	Canceled	f529bc7d519f55e46189d570b223f091ec274f08	CONFLICT;touched=54;differNow=7;conflicts=docs/superpowers/plans/2026-09-17-card-0558-stages-as-shareable-workflows-plan.md,Auto-merging docs/antiphon-api.md,Auto-merging docs/ops-http.md,	959e5aa8a5be80b751ba5b5ff31f74b4fe866e93	CONFLICT;touched=54;differNow=7;conflicts=docs/superpowers/plans/2026-09-17-card-0558-stages-as-shareable-workflows-plan.md,Auto-merging docs/antiphon-api.md,Auto-merging docs/ops-http.md,	0	-	0
D	05a66230	Succeeded	-	-	048b6a180cdbb14e85c03c6e18da057f00a93603	CONFLICT;touched=52;differNow=21;conflicts=docs/investigations/2026-09-16-card-0462-code-verification.md,docs/session-runtime-invariants.md,server/Application/Dtos/SessionRunnerDtos.cs,	0	-	0
D	06805739	Succeeded	88e25816aebda0975d7d9048c908cb0da79d750e	CONFLICT;touched=27;differNow=19;conflicts=server/Application/Services/AgentService.cs,server/Application/Services/AgentSessionService.cs,server/Application/Services/AgentTaskDispatcher.cs,	88e25816aebda0975d7d9048c908cb0da79d750e	SAMEASREMOTE	0	-	0
D	07cabe87	Succeeded	-	-	89a00a7bc4cf30e9adc44c32a226b29c10b784a6	EMPTY;touched=16;differNow=5	0	-	0
D	07df9f1d	Succeeded	a3396e08c4d19a46f480db44c26af0b9df4dda18	CONFLICT;touched=7;differNow=7;conflicts=tests/Antiphon.Tests/Scripts/ClaudeTokenRefreshOptInTests.cs,Auto-merging docs/agent-credentials.md,Auto-merging docs/docker-stack.md,	a3396e08c4d19a46f480db44c26af0b9df4dda18	SAMEASREMOTE	0	-	0
D	0aa9717c	Failed	fcbb594d72c11c01f11a5f4ba58e5c7a7dcf3895	CONFLICT;touched=12;differNow=3;conflicts=docs/superpowers/plans/2026-09-27-card-0452-plan.md,tests/Antiphon.Tests/Infrastructure/RepositoryMutationLeaseTests.cs,tests/Antiphon.Tests/slow-tests-allowlist.txt,	26c1393a1eccba0a0c7abb657e320a9aaf635727	CONFLICT;touched=1;differNow=1;conflicts=docs/superpowers/plans/2026-09-27-card-0452-plan.md,Auto-merging docs/superpowers/plans/2026-09-27-card-0452-plan.md,CONFLICT (add/add): Merge conflict in docs/superpowers/plans/2026-09-27-card-0452-plan.md,	0	-	0
D	0bebfaa7	Failed	c29adc51b49c75fdfdf2308752786991f49fed47	CONFLICT;touched=28;differNow=11;conflicts=docs/session-runtime-invariants.md,docs/telegram.md,server/Application/Services/ChannelBridgeService.cs,	0f2f355070fef9b3ea8a341d5ff1e866a67a90ad	EMPTY;touched=0;differNow=358	0	-	0
D	0cc1623f	Succeeded	0ac283301b0fa52fd64aada333540b3b359bfd30	CONFLICT;touched=1;differNow=1;conflicts=docs/superpowers/plans/2026-09-27-card-0767-plan.md,Auto-merging docs/superpowers/plans/2026-09-27-card-0767-plan.md,CONFLICT (add/add): Merge conflict in docs/superpowers/plans/2026-09-27-card-0767-plan.md,	0ac283301b0fa52fd64aada333540b3b359bfd30	SAMEASREMOTE	0	-	0
D	0f6a815b	Succeeded	2fd6d7f6b1fafe0b36982956ea60fccc198918b5	CONFLICT;touched=23;differNow=13;conflicts=docker-compose.server2-runner.yml,docs/superpowers/plans/2026-09-26-card-0718-host-stats-plan.md,src/Antiphon.SessionRunner.Contracts/PhoneHomeContracts.cs,	2fd6d7f6b1fafe0b36982956ea60fccc198918b5	SAMEASREMOTE	0	-	0
D	10632f25	Succeeded	f1195ea11826643cf7417b44a9368544f70df57c	CONFLICT;touched=5;differNow=5;conflicts=server/Application/Dtos/RemoteSettlementSyncDtos.cs,server/Application/Services/AgentTaskReplyService.cs,server/Application/Services/RemoteWorkspaceService.cs,	-	-	-	-	0
D	125f62dc	Succeeded	-	-	3df764bd37e91286de9add2af4d09ea339700c62	CONFLICT;touched=9;differNow=6;conflicts=docs/superpowers/plans/2026-09-26-card-0735-messagequeue-test-speed-plan.md,tests/Antiphon.Tests/Application/SessionMessageQueueDeliveryVerificationTests.cs,tests/Antiphon.Tests/TestHelpers/ScaledTimeProviderTests.cs,	0	-	0
D	130b15ef	Failed	dbb8937887d1fb7b8058b8daba6e0ea0c8d27309	CONFLICT;touched=28;differNow=13;conflicts=docs/session-runtime-invariants.md,docs/telegram.md,server/Application/Services/ChannelBridgeService.cs,	e9061777a02637b7bf864f2ca8a7cf9e8de23583	CONFLICT;touched=28;differNow=13;conflicts=docs/session-runtime-invariants.md,docs/telegram.md,server/Application/Services/ChannelBridgeService.cs,	0	-	0
D	131508fb	Succeeded	-	-	8289bdc74750f81070045cf144cd291aa1a7ceb3	CONFLICT;touched=27;differNow=10;conflicts=docs/testing-and-build.md,tests/Antiphon.Tests/Checkpoints/CheckpointExecutorLogTests.cs,tests/Antiphon.Tests/Checkpoints/CheckpointImportTests.cs,	0	-	0
D	15a86ac9	Failed	bc619b4a35bad2aa99125ac7c9a3bb0b7d28bf97	CONFLICT;touched=7;differNow=7;conflicts=server/Application/Interfaces/IExpectationPromptSender.cs,server/Application/Services/ExpectationNudgeDeliveryService.cs,server/Application/Services/SessionMessageQueueService.Expectations.cs,	-	-	-	-	0
D	1668ddd6	Succeeded	07df1561e754d007cdb30fdf1a41198df727727b	EMPTY;touched=1;differNow=0	07df1561e754d007cdb30fdf1a41198df727727b	SAMEASREMOTE	0	-	0
D	169fe4dd	Succeeded	04bb109d569e3fc34a405fb241fce56e275e96b3	CONFLICT;touched=8;differNow=8;conflicts=server/Application/Services/AgentTaskDispatcher.cs,server/Application/Services/AgentTaskService.cs,server/Application/Services/DefaultRunnerRoutingPolicy.cs,	-	-	-	-	0
D	16d7e477	Succeeded	0a97e75eb23201fc3884ad5db1a1c5bdf4e45278	CONFLICT;touched=3;differNow=2;conflicts=docs/agent-kinds.md,docs/superpowers/plans/2026-09-27-card-0611-final-verification.md,Auto-merging docs/agent-kinds.md,	0a97e75eb23201fc3884ad5db1a1c5bdf4e45278	SAMEASREMOTE	0	-	0
D	1753ea5c	Succeeded	44552e7e291c17aaf758dcf1da061e447b5ab0eb	CONFLICT;touched=11;differNow=3;conflicts=server/Program.cs,server/appsettings.json,tests/Antiphon.Tests/Application/WorktreeRetirementRaceTests.cs,	-	-	-	-	0
D	19c7ff68	Succeeded	7526a1e197c1f245a10b90f5e31af2fb79e4a313	CONFLICT;touched=8;differNow=4;conflicts=docs/ops-http.md,tests/Antiphon.Tests/Agents/PhoneHomeConnectionTests.cs,tests/Antiphon.Tests/Application/PhoneHomeRollingRunnerTests.cs,	7526a1e197c1f245a10b90f5e31af2fb79e4a313	SAMEASREMOTE	0	-	0
D	1aa86155	Succeeded	1d10961adf547f478753905e61282167a40df57c	NONEMPTY;touched=5;differNow=3;netChange=1files:docs/ops-http.md,	1d10961adf547f478753905e61282167a40df57c	SAMEASREMOTE	0	-	0
D	1c52bd82	Succeeded	a8b48dbbea5774ddb439ca99da1ab2feab6af080	EMPTY;touched=1;differNow=0	a8b48dbbea5774ddb439ca99da1ab2feab6af080	SAMEASREMOTE	0	-	0
D	1ceae9ac	Succeeded	f6519816f830121918cfc8fb308d45127fc1208d	CONFLICT;touched=1;differNow=1;conflicts=docs/superpowers/plans/2026-09-25-card-0710-task-platform-placement-plan.md,Auto-merging docs/superpowers/plans/2026-09-25-card-0710-task-platform-placement-plan.md,CONFLICT (add/add): Merge conflict in docs/superpowers/plans/2026-09-25-card-0710-task-platform-placement-plan.md,	f6519816f830121918cfc8fb308d45127fc1208d	SAMEASREMOTE	0	-	0
D	1d5b779b	Succeeded	97efafaab1830873c186bc46c3a6a8960e142420	CONFLICT;touched=1;differNow=1;conflicts=docs/superpowers/plans/2026-09-26-checkpoint-tool-hardening-plan.md,Auto-merging docs/superpowers/plans/2026-09-26-checkpoint-tool-hardening-plan.md,CONFLICT (add/add): Merge conflict in docs/superpowers/plans/2026-09-26-checkpoint-tool-hardening-plan.md,	97efafaab1830873c186bc46c3a6a8960e142420	SAMEASREMOTE	0	-	0
D	1d94da9e	Canceled	14dbe1110a590679e65eca40512e991e8dfbf37f	CONFLICT;touched=16;differNow=5;conflicts=docs/session-runtime-invariants.md,server/Application/Services/SessionMessageQueueService.cs,Auto-merging docs/antiphon-api.md,	-	-	-	-	0
D	1e77c1d1	Succeeded	d87edfc70d6ff56c52adfcbefb91298cbe986ed7	CONFLICT;touched=13;differNow=8;conflicts=server/Application/Services/AgentTaskService.cs,server/Application/Services/StartRefAvailability.cs,server/Infrastructure/Git/LandingGit.cs,	-	-	-	-	0
D	22b951cd	Succeeded	57781e5903a7359dadccd77f34d356dab4da015f	EMPTY;touched=12;differNow=10	57781e5903a7359dadccd77f34d356dab4da015f	SAMEASREMOTE	0	-	0
D	22c54e3f	Succeeded	993a664c43fd699bd87612fc0c78c41b55f35e9e	CONFLICT;touched=1;differNow=1;conflicts=docs/superpowers/plans/2026-09-26-card-0735-messagequeue-test-speed-plan.md,Auto-merging docs/superpowers/plans/2026-09-26-card-0735-messagequeue-test-speed-plan.md,CONFLICT (add/add): Merge conflict in docs/superpowers/plans/2026-09-26-card-0735-messagequeue-test-speed-plan.md,	993a664c43fd699bd87612fc0c78c41b55f35e9e	SAMEASREMOTE	0	-	0
D	23559109	Canceled	-	-	023f2ac228b8cf709d933e8dd342c54770530945	EMPTY;touched=4;differNow=2	0	-	0
D	263541a1	Succeeded	eb8344d337ee5384782fc7f0858be9c58756d2ca	CONFLICT;touched=29;differNow=28;conflicts=docker-compose.server2-runner.yml,docs/ops-http.md,scripts/runner-slots.ps1,	-	-	-	-	0
D	2824ba4c	Succeeded	0c36c6816ce3799a38f32059491bd49b4b6c517f	CONFLICT;touched=15;differNow=12;conflicts=docs/antiphon-api.md,docs/session-runtime-invariants.md,server/Api/Endpoints/SessionEndpoints.cs,	-	-	-	-	0
D	29c28d0c	Succeeded	a806ce19ab9ac7d71420c1ca455a95391d6b10bd	EMPTY;touched=1;differNow=0	a806ce19ab9ac7d71420c1ca455a95391d6b10bd	SAMEASREMOTE	0	-	0
D	2b6ade7e	Canceled	7c89dcd8c3cb5658c118f4d62f6fe64cc6af4af2	CONFLICT;touched=15;differNow=11;conflicts=server/Api/Endpoints/SessionRunnerEndpoints.cs,server/Application/Services/PhoneHomeTransportLoss.cs,server/Application/Services/RestartFailurePolicy.cs,	-	-	-	-	0
D	2cc36aa6	Succeeded	b76714d9c35e01d16c208c53c4914269fade8278	CONFLICT;touched=9;differNow=6;conflicts=docs/superpowers/plans/2026-09-26-card-0735-messagequeue-test-speed-plan.md,tests/Antiphon.Tests/Application/SessionMessageQueueDeliveryVerificationTests.cs,tests/Antiphon.Tests/TestHelpers/ScaledTimeProviderTests.cs,	b76714d9c35e01d16c208c53c4914269fade8278	SAMEASREMOTE	0	-	0
D	2cd14d4c	Failed	4eed6c9699d735667df2893e4b40fb543e618758	CONFLICT;touched=3;differNow=2;conflicts=server/Infrastructure/Git/WorktreeManager.cs,Auto-merging server/Infrastructure/Git/WorktreeManager.cs,CONFLICT (content): Merge conflict in server/Infrastructure/Git/WorktreeManager.cs,	-	-	-	-	0
D	2dd9fbf3	Succeeded	eaee40f8fc3431212819efb86ecdca94753b3c0a	CONFLICT;touched=1;differNow=1;conflicts=docs/superpowers/plans/2026-09-27-card-0457-plan.md,Auto-merging docs/superpowers/plans/2026-09-27-card-0457-plan.md,CONFLICT (add/add): Merge conflict in docs/superpowers/plans/2026-09-27-card-0457-plan.md,	eaee40f8fc3431212819efb86ecdca94753b3c0a	SAMEASREMOTE	0	-	0
D	2e841047	Canceled	fa1897c39bfe2aa9a6d83800003ad4974235a0a7	CONFLICT;touched=3;differNow=3;conflicts=docs/session-runtime-invariants.md,server/Application/Services/SessionMessageQueueService.cs,tests/Antiphon.Tests/Application/SessionMessageQueuePhoneHomeDropTests.cs,	-	-	-	-	0
D	3002779f	Succeeded	480cd6f2f830059ff59adacc91f77bee7c88ef59	CONFLICT;touched=42;differNow=15;conflicts=docs/superpowers/plans/2026-09-08-card-0442-worktree-continuity-plan.md,server/Application/Services/AgentTaskWorktreeBaseResolver.cs,tests/Antiphon.Tests/Application/AgentTaskDispatchBaseGuardTests.cs,	480cd6f2f830059ff59adacc91f77bee7c88ef59	SAMEASREMOTE	0	-	0
D	30103883	Failed	2c85ee0a6452632fc1e4166b0157316ed0fa6ac4	CONFLICT;touched=8;differNow=7;conflicts=server/Application/Interfaces/IExpectationPromptSender.cs,server/Application/Services/ExpectationNudgeDeliveryService.cs,server/Application/Services/SessionMessageQueueService.Expectations.cs,	-	-	-	-	0
D	32c16f61	Succeeded	a578dd405e11efcde8e75bb742fa385cd15872a5	CONFLICT;touched=38;differNow=34;conflicts=docker-compose.server2-runner.yml,docs/agent-credentials.md,docs/ops-http.md,	-	-	-	-	0
D	33b9032e	Succeeded	8106b49e21408489ea15aa92d99bc488823b0d31	CONFLICT;touched=17;differNow=13;conflicts=client/src/api/attention.ts,client/src/features/attention/attentionVisuals.test.ts,client/src/features/attention/attentionVisuals.ts,	8106b49e21408489ea15aa92d99bc488823b0d31	SAMEASREMOTE	0	-	0
D	3416c8aa	Failed	b7849c32cc7de01f79f676b6933374b0b7f56315	CONFLICT;touched=6;differNow=4;conflicts=docs/testing-and-build.md,tests/Antiphon.Tests/Application/AgentTaskDispatchBaseGuardTests.cs,tests/Antiphon.Tests/TestHelpers/TestDbFixture.cs,	-	-	-	-	0
D	359c1a1c	Succeeded	-	-	4646a8ba6b30cff00290ec5c9b581e9b78fac399	CONFLICT;touched=9;differNow=4;conflicts=tests/Antiphon.Tests/TestHelpers/ScaledTimeProviderTests.cs,Auto-merging docs/testing-and-build.md,Auto-merging tests/Antiphon.Tests/TestHelpers/BridgeQueueHarness.cs,	0	-	0
D	365d4862	Succeeded	00fcd926b6946476d836216ef5744da518dca3d2	CONFLICT;touched=1;differNow=1;conflicts=docs/superpowers/plans/2026-09-27-card-0464-plan.md,Auto-merging docs/superpowers/plans/2026-09-27-card-0464-plan.md,CONFLICT (add/add): Merge conflict in docs/superpowers/plans/2026-09-27-card-0464-plan.md,	00fcd926b6946476d836216ef5744da518dca3d2	SAMEASREMOTE	0	-	0
D	36b868ff	Failed	-	-	00e710d5e0fbffbec39cf62ab8fb00b761661e9c	CONFLICT;touched=22;differNow=9;conflicts=docs/ops-http.md,server/Application/Services/LandOperationFactory.cs,Auto-merging docs/ops-http.md,	0	-	0
D	37a70801	Failed	0e845e98756a2eda11e76cbdc196068bfab48a2c	CONFLICT;touched=6;differNow=5;conflicts=scripts/lib/release-authority.ps1,scripts/publish-release.ps1,scripts/test-release-gate.ps1,	-	-	-	-	0
D	3816b58e	Canceled	7629fe0dc0c0aaee34ba251c9e396b3391184355	CONFLICT;touched=9;differNow=3;conflicts=tests/Antiphon.Tests/Infrastructure/OperatorTokenFileTests.cs,Auto-merging tests/Antiphon.Tests/Application/DelegationUnitTests.cs,Auto-merging tests/Antiphon.Tests/Application/PhoneHomeTaskRoutingTests.cs,	-	-	-	-	0
D	387b2714	Succeeded	c66d59a1862a97b8ad670d6f6f41955206d99bc6	CONFLICT;touched=23;differNow=4;conflicts=scripts/host-stats-hub-receipt.mjs,Auto-merging docs/antiphon-api.md,Auto-merging docs/ops-http.md,	c66d59a1862a97b8ad670d6f6f41955206d99bc6	SAMEASREMOTE	0	-	0
D	3ad57002	Succeeded	42daf278fcc9ed2e7a0e458a40a4b7a80702397a	CONFLICT;touched=7;differNow=7;conflicts=docs/orchestration-loop.md,server/Bundles/orchestrator.md,server/Bundles/stage-code.md,	42daf278fcc9ed2e7a0e458a40a4b7a80702397a	SAMEASREMOTE	0	-	0
D	3c593d7c	Succeeded	dde854b521a97ccb749a383b3a5b0f365cbb9b8d	CONFLICT;touched=1;differNow=1;conflicts=docs/superpowers/plans/2026-09-17-card-0550-native-land-check-v26-evidence-and-barrier-plan.md,Auto-merging docs/superpowers/plans/2026-09-17-card-0550-native-land-check-v26-evidence-and-barrier-plan.md,CONFLICT (add/add): Merge conflict in docs/superpowers/plans/2026-09-17-card-0550-native-land-check-v26-evidence-and-barrier-plan.md,	-	-	-	-	0
D	3d4eb382	Succeeded	-	-	6d986b061a0b754ec79d476b4ab5c3559ec37733	CONFLICT;touched=9;differNow=5;conflicts=tests/Antiphon.Tests/TestHelpers/ScaledTimeProviderTests.cs,Auto-merging docs/testing-and-build.md,Auto-merging tests/Antiphon.Tests/Application/SessionMessageQueueDeliveryVerificationTests.cs,	0	-	0
D	3e89af3c	Succeeded	dbce1aae363496e72c12ffc23000fa71ca157374	EMPTY;touched=1;differNow=0	dbce1aae363496e72c12ffc23000fa71ca157374	SAMEASREMOTE	0	-	0
D	3fefbc65	Canceled	-	-	57781e5903a7359dadccd77f34d356dab4da015f	EMPTY;touched=12;differNow=10	0	-	0
D	47be9689	Succeeded	4eacef936bbe2490f1ef169f41be4e193a43ea5e	CONFLICT;touched=1;differNow=1;conflicts=docs/superpowers/plans/2026-09-27-card-0557-plan.md,Auto-merging docs/superpowers/plans/2026-09-27-card-0557-plan.md,CONFLICT (add/add): Merge conflict in docs/superpowers/plans/2026-09-27-card-0557-plan.md,	4eacef936bbe2490f1ef169f41be4e193a43ea5e	SAMEASREMOTE	0	-	0
D	48bbc16e	Succeeded	5e2beb690367d25a354b676f8ee997d275a8c80e	CONFLICT;touched=6;differNow=5;conflicts=server/Application/Services/AgentTaskDispatcher.cs,server/Application/Services/AgentTaskLandService.cs,server/Application/Services/AgentTaskReplyService.cs,	-	-	-	-	0
D	48d0495d	Succeeded	772a050a77ae02f8a1dda24c8c2e6c619b67b7ac	CONFLICT;touched=8;differNow=8;conflicts=docs/orchestration-loop.md,server/Bundles/orchestrator.md,server/Bundles/stage-code.md,	772a050a77ae02f8a1dda24c8c2e6c619b67b7ac	SAMEASREMOTE	0	-	0
D	49cc02b8	Succeeded	9b4aa8384abecd7a800b14af48887d8949f1834f	EMPTY;touched=1;differNow=0	9b4aa8384abecd7a800b14af48887d8949f1834f	SAMEASREMOTE	0	-	0
D	4aa8cc21	Canceled	b14e56382843f4149983f0ae719f8c42e4db9eaf	CONFLICT;touched=11;differNow=8;conflicts=docs/bootstrap.md,Auto-merging docs/bootstrap.md,CONFLICT (content): Merge conflict in docs/bootstrap.md,	-	-	-	-	0
D	4ce3b0ad	Succeeded	f6207fbb3a426b1188a8bc760740f4d70cba4d5e	CONFLICT;touched=38;differNow=33;conflicts=docker-compose.server2-runner.yml,docs/agent-credentials.md,docs/ops-http.md,	-	-	-	-	0
D	50a2b232	Succeeded	b0a6d5bc3b7de0e7c9854b63291303c87d7bfc78	CONFLICT;touched=1;differNow=1;conflicts=docs/superpowers/plans/2026-09-27-card-0768-plan.md,Auto-merging docs/superpowers/plans/2026-09-27-card-0768-plan.md,CONFLICT (add/add): Merge conflict in docs/superpowers/plans/2026-09-27-card-0768-plan.md,	b0a6d5bc3b7de0e7c9854b63291303c87d7bfc78	SAMEASREMOTE	0	-	0
D	51b599cb	Succeeded	60cb80df93668678069e27e74b4143ce93d66409	CONFLICT;touched=19;differNow=3;conflicts=docs/superpowers/plans/2026-09-27-card-0452-plan.md,tests/Antiphon.Tests/Infrastructure/RepositoryMutationLeaseTests.cs,tests/Antiphon.Tests/slow-tests-allowlist.txt,	60cb80df93668678069e27e74b4143ce93d66409	SAMEASREMOTE	0	-	0
D	520c70c6	Succeeded	e343024ef9deb34ee6f05036ce33931b406488cc	NONEMPTY;touched=24;differNow=4;netChange=1files:scripts/host-stats-hub-receipt.test.mjs,	e343024ef9deb34ee6f05036ce33931b406488cc	SAMEASREMOTE	0	-	0
D	52e52800	Succeeded	55d4082f5c864add08d39f561eff1f5148fb25f0	CONFLICT;touched=7;differNow=7;conflicts=docs/orchestration-loop.md,server/Bundles/orchestrator.md,server/Bundles/stage-code.md,	55d4082f5c864add08d39f561eff1f5148fb25f0	SAMEASREMOTE	0	-	0
D	539915bf	Canceled	7b2be1272d6375be2e1174643db291e57d9069c3	CONFLICT;touched=20;differNow=12;conflicts=client/src/api/attention.ts,client/src/features/attention/attentionVisuals.test.ts,client/src/features/attention/attentionVisuals.ts,	8106b49e21408489ea15aa92d99bc488823b0d31	CONFLICT;touched=17;differNow=13;conflicts=client/src/api/attention.ts,client/src/features/attention/attentionVisuals.test.ts,client/src/features/attention/attentionVisuals.ts,	0	-	0
D	5704b46b	Succeeded	-	-	6b332e6f4919a6dc72669b1a8eec747458702918	CONFLICT;touched=33;differNow=16;conflicts=docs/ops-http.md,scripts/runner-drain.ps1,server/Api/Endpoints/SessionRunnerEndpoints.cs,	0	-	0
D	57758b77	Succeeded	38fb98975a046fefbe0cd48d74eea09d733cf0aa	EMPTY;touched=1;differNow=0	38fb98975a046fefbe0cd48d74eea09d733cf0aa	SAMEASREMOTE	0	-	0
D	58011e5e	Succeeded	0a0834693d318a980dba11b93f89282dc167f240	CONFLICT;touched=26;differNow=13;conflicts=docs/session-runtime-invariants.md,server/Application/Services/SessionMessageQueueService.cs,server/Infrastructure/Agents/SessionRunner/PendingRunnerSessionInventory.cs,	0a0834693d318a980dba11b93f89282dc167f240	SAMEASREMOTE	0	-	0
D	5b2256d5	Succeeded	670f1d6328b030bfd5e550cd84e13bb8a3f88999	EMPTY;touched=1;differNow=0	670f1d6328b030bfd5e550cd84e13bb8a3f88999	SAMEASREMOTE	0	-	0
D	5ef74c0f	Succeeded	449a28c840ab5e6315c9f1e48daaae4508a1971e	CONFLICT;touched=8;differNow=6;conflicts=docs/orchestration-loop.md,server/Application/Services/AgentTaskLandService.cs,tests/Antiphon.Tests/Application/AgentTaskLandHeldNotificationTests.cs,	-	-	-	-	0
D	64db976e	Succeeded	3df764bd37e91286de9add2af4d09ea339700c62	CONFLICT;touched=9;differNow=6;conflicts=docs/superpowers/plans/2026-09-26-card-0735-messagequeue-test-speed-plan.md,tests/Antiphon.Tests/Application/SessionMessageQueueDeliveryVerificationTests.cs,tests/Antiphon.Tests/TestHelpers/ScaledTimeProviderTests.cs,	3df764bd37e91286de9add2af4d09ea339700c62	SAMEASREMOTE	0	-	0
D	65d9f56e	Failed	01d3cbcbce793d36ab537a72b509a5737c8bf608	CONFLICT;touched=9;differNow=3;conflicts=docs/superpowers/plans/2026-09-27-card-0566-plan.md,Auto-merging docs/superpowers/plans/2026-09-27-card-0566-plan.md,CONFLICT (add/add): Merge conflict in docs/superpowers/plans/2026-09-27-card-0566-plan.md,	4efce814f0f79325b81af17fa638220517b0ee2f	CONFLICT;touched=1;differNow=1;conflicts=docs/superpowers/plans/2026-09-27-card-0566-plan.md,Auto-merging docs/superpowers/plans/2026-09-27-card-0566-plan.md,CONFLICT (add/add): Merge conflict in docs/superpowers/plans/2026-09-27-card-0566-plan.md,	0	-	0
D	67ddf317	Succeeded	6d986b061a0b754ec79d476b4ab5c3559ec37733	CONFLICT;touched=9;differNow=5;conflicts=tests/Antiphon.Tests/TestHelpers/ScaledTimeProviderTests.cs,Auto-merging docs/testing-and-build.md,Auto-merging tests/Antiphon.Tests/Application/SessionMessageQueueDeliveryVerificationTests.cs,	6d986b061a0b754ec79d476b4ab5c3559ec37733	SAMEASREMOTE	0	-	0
D	6801de9a	Succeeded	ca10727295b7786d27aa72c2f81f7a8eb1d96a6d	EMPTY;touched=7;differNow=6	ca10727295b7786d27aa72c2f81f7a8eb1d96a6d	SAMEASREMOTE	0	-	0
D	68a64314	Succeeded	34600eb8e338dee92995b82e1bae6ece58e674db	EMPTY;touched=1;differNow=0	34600eb8e338dee92995b82e1bae6ece58e674db	SAMEASREMOTE	0	-	0
D	69c7a060	Succeeded	f5632b80befba0e0512fd5feaeac5829a10cd1b1	CONFLICT;touched=46;differNow=5;conflicts=server/Application/Services/ChannelBridgeService.cs,tests/Antiphon.Tests/Application/ChannelInboundRecoveryTests.cs,tools/Antiphon.Checkpoints/Slots/BuildSlotClient.cs,	f5632b80befba0e0512fd5feaeac5829a10cd1b1	SAMEASREMOTE	0	-	0
D	6ca40cd0	Canceled	6b332e6f4919a6dc72669b1a8eec747458702918	CONFLICT;touched=33;differNow=16;conflicts=docs/ops-http.md,scripts/runner-drain.ps1,server/Api/Endpoints/SessionRunnerEndpoints.cs,	7062c5cb10f00dd3ebe05cb557e8e00888a15737	CONFLICT;touched=36;differNow=19;conflicts=docs/ops-http.md,scripts/runner-drain.ps1,server/Api/Endpoints/SessionRunnerEndpoints.cs,	0	-	0
D	6cfbb6f5	Succeeded	-	-	d2e733a653a22b627eb512544fca367c47d02810	EMPTY;touched=7;differNow=0	0	-	0
D	6eed34e6	Failed	fcd657c2d91d49eace5a4ae14276c3e035ada11f	CONFLICT;touched=15;differNow=2;conflicts=server/Application/Services/DispatchHoldDetails.cs,Auto-merging server/Application/Services/AgentTaskLandNotificationService.cs,Auto-merging server/Application/Services/DispatchHoldDetails.cs,	-	-	-	-	0
D	70269020	Succeeded	b06427d285724822660f025c7e0e11f501ed8ba1	CONFLICT;touched=31;differNow=29;conflicts=docker-compose.server2-runner.yml,docs/ops-http.md,scripts/runner-slots.ps1,	-	-	-	-	0
D	70302dc6	Succeeded	212128028d79f07d12f229ce4d76973d176fb002	CONFLICT;touched=12;differNow=8;conflicts=docker/stack.env.example,docker/stack/init-state.sh,docs/docker-stack.md,	-	-	-	-	0
D	71060b3f	Succeeded	66eacd80b042582e508808e012c9cff4f12af2d1	CONFLICT;touched=23;differNow=12;conflicts=scripts/card.ps1,server/Application/Dtos/AttentionDtos.cs,server/Application/Services/AgentTaskService.cs,	66eacd80b042582e508808e012c9cff4f12af2d1	SAMEASREMOTE	0	-	0
D	74da5d1b	Succeeded	956380a53575af592237477ad78c03a86486a093	CONFLICT;touched=1;differNow=1;conflicts=docs/superpowers/plans/2026-09-26-card-0753-landing-owner-recovery-plan.md,Auto-merging docs/superpowers/plans/2026-09-26-card-0753-landing-owner-recovery-plan.md,CONFLICT (add/add): Merge conflict in docs/superpowers/plans/2026-09-26-card-0753-landing-owner-recovery-plan.md,	956380a53575af592237477ad78c03a86486a093	SAMEASREMOTE	0	-	0
D	75491ae6	Succeeded	6a231f038df639697daf1dddc304633fa1d3d591	CONFLICT;touched=21;differNow=11;conflicts=server/Application/Services/DispatchHoldDetails.cs,server/Application/Services/ExpectationLedger.cs,server/Application/Services/ExpectationObservation.cs,	-	-	-	-	0
D	77629b10	Succeeded	1a97191167695555334465f209ba6d1a1a50c82f	EMPTY;touched=1;differNow=0	1a97191167695555334465f209ba6d1a1a50c82f	SAMEASREMOTE	0	-	0
D	778fa5d5	Succeeded	3eda4e57e843a15d303be5ba52a85da7fb1932a8	EMPTY;touched=4;differNow=2	3eda4e57e843a15d303be5ba52a85da7fb1932a8	SAMEASREMOTE	0	-	0
D	78c5f868	Succeeded	5a8c688bd8bb4333573083b180b545d40b27c1ca	CONFLICT;touched=2;differNow=1;conflicts=docs/superpowers/plans/2026-09-25-card-0717-database-call-sites.md,Auto-merging docs/superpowers/plans/2026-09-25-card-0717-database-call-sites.md,CONFLICT (add/add): Merge conflict in docs/superpowers/plans/2026-09-25-card-0717-database-call-sites.md,	314ec59f2062003fa34ac1a4f6f5796605751e6d	CONFLICT;touched=2;differNow=1;conflicts=docs/superpowers/plans/2026-09-25-card-0717-database-call-sites.md,Auto-merging docs/superpowers/plans/2026-09-25-card-0717-database-call-sites.md,CONFLICT (add/add): Merge conflict in docs/superpowers/plans/2026-09-25-card-0717-database-call-sites.md,	0	-	0
D	7dc235bc	Succeeded	9c5702bdbcecf8dc9df7343e7a901ebbb0472633	CONFLICT;touched=16;differNow=13;conflicts=docs/session-runtime-invariants.md,docs/superpowers/plans/2026-09-24-card-0647-durable-runner-spill-followup-plan.md,server/Application/Services/RemoteSpillCourier.cs,	-	-	-	-	0
D	80103e29	Succeeded	-	-	9c1c68980308ece42c808c4ed16db5158e457ad2	CONFLICT;touched=14;differNow=10;conflicts=client/src/features/attention/attentionVisuals.ts,docs/superpowers/plans/2026-09-26-card-0726-runner-and-journal-alarms-plan.md,server/Application/Services/AttentionService.Alarms.cs,	0	-	0
D	81c898bc	Succeeded	8962057b58f3cb5b5c5997c39f56965765cd02c7	CONFLICT;touched=17;differNow=12;conflicts=docs/investigations/2026-09-25-card-0698-code-verification.md,server/Application/Services/AgentSessionRuntime.cs,server/Infrastructure/Data/TranscriptWorkingStateQuery.cs,	8962057b58f3cb5b5c5997c39f56965765cd02c7	SAMEASREMOTE	0	-	0
D	86d683e9	Succeeded	29924ec485292e9f1f25db231d19a29652c277c8	CONFLICT;touched=1;differNow=1;conflicts=docs/superpowers/plans/2026-09-27-card-0452-plan.md,Auto-merging docs/superpowers/plans/2026-09-27-card-0452-plan.md,CONFLICT (add/add): Merge conflict in docs/superpowers/plans/2026-09-27-card-0452-plan.md,	29924ec485292e9f1f25db231d19a29652c277c8	SAMEASREMOTE	0	-	0
D	86e57e3d	Succeeded	26c1393a1eccba0a0c7abb657e320a9aaf635727	CONFLICT;touched=1;differNow=1;conflicts=docs/superpowers/plans/2026-09-27-card-0452-plan.md,Auto-merging docs/superpowers/plans/2026-09-27-card-0452-plan.md,CONFLICT (add/add): Merge conflict in docs/superpowers/plans/2026-09-27-card-0452-plan.md,	26c1393a1eccba0a0c7abb657e320a9aaf635727	SAMEASREMOTE	0	-	0
D	8b51f4e4	Canceled	6da15ef9c8d783f968ac832aa158faf12243e58a	CONFLICT;touched=81;differNow=34;conflicts=docs/testing-and-build.md,scripts/run-checkpoint.ps1,server/Bundles/stage-review.md,	49872e9a176954a2f7bab9491d62a6a05889bb1e	CONFLICT;touched=80;differNow=40;conflicts=Antiphon.sln,docs/superpowers/plans/2026-09-25-card-0723-checkpoint-runner-plan.md,docs/testing-and-build.md,	0	-	0
D	8d32f2c5	Succeeded	315df03964db2adee51bf8ac621bc26f0c2f9a48	CONFLICT;touched=42;differNow=13;conflicts=docker-compose.server2-runner.yml,server/Infrastructure/Agents/SessionRunner/PhoneHomeRunnerClient.cs,src/Antiphon.SessionRunner.Contracts/PhoneHomeContracts.cs,	315df03964db2adee51bf8ac621bc26f0c2f9a48	SAMEASREMOTE	0	-	0
D	8d4cd03e	Canceled	0cc8db569b995868ca3c8d493c7ee66e23d4d731	CONFLICT;touched=18;differNow=12;conflicts=server/Application/Services/RestartFailurePolicy.cs,server/Infrastructure/Agents/SessionRunner/PhoneHomeLiveConnection.cs,server/Infrastructure/Agents/SessionRunner/PhoneHomeRecoveryPump.cs,	-	-	-	-	0
D	8f5d5036	Succeeded	1ec489f3dcc8682dc992c6d3abc992b84dc071ed	CONFLICT;touched=17;differNow=8;conflicts=server/Application/Services/AgentSessionRuntime.cs,server/Infrastructure/Data/TranscriptWorkingStateQuery.cs,tests/Antiphon.Tests/TestHelpers/TranscriptHotPathFixture.cs,	1ec489f3dcc8682dc992c6d3abc992b84dc071ed	SAMEASREMOTE	0	-	0
D	907b5d3e	Succeeded	-	-	0eb4cccac9590c9ebc5a9566a589f36b1f73ff05	CONFLICT;touched=29;differNow=6;conflicts=docs/testing-and-build.md,tests/Antiphon.Tests/Checkpoints/CheckpointTaskOwnershipTests.cs,tests/Antiphon.Tests/Checkpoints/TimeoutTests.cs,	0	-	0
D	92783ab1	Succeeded	3c260199895a68c3c8717e35be0b07424f6c2678	CONFLICT;touched=6;differNow=5;conflicts=scripts/lib/release-authority.ps1,scripts/lib/release-gate.ps1,scripts/publish-release.ps1,	-	-	-	-	0
D	92b9022f	Succeeded	-	-	c206cd7fc45bae7d63663f19a77d30148b21e565	CONFLICT;touched=24;differNow=10;conflicts=docs/ops-http.md,server/Application/Services/LandOperationFactory.cs,Auto-merging docs/ops-http.md,	0	-	0
D	94d4b1de	Succeeded	4efce814f0f79325b81af17fa638220517b0ee2f	CONFLICT;touched=1;differNow=1;conflicts=docs/superpowers/plans/2026-09-27-card-0566-plan.md,Auto-merging docs/superpowers/plans/2026-09-27-card-0566-plan.md,CONFLICT (add/add): Merge conflict in docs/superpowers/plans/2026-09-27-card-0566-plan.md,	4efce814f0f79325b81af17fa638220517b0ee2f	SAMEASREMOTE	0	-	0
D	993405ad	Failed	b8aeaa51ebf9ac09662fdee5102f72215f3f3e99	CONFLICT;touched=4;differNow=4;conflicts=server/Application/Services/AgentTaskDispatcher.cs,src/Antiphon.SessionRunner/PhoneHomeCommandDispatcher.cs,tests/Antiphon.SessionRunner.Tests/PhoneHomeCommandDispatcherTests.cs,	-	-	-	-	0
D	99efb48f	Succeeded	9b646f4e69a15472d387212ce139b425bf453442	CONFLICT;touched=26;differNow=12;conflicts=docs/superpowers/plans/2026-09-26-checkpoint-tool-hardening-plan.md,docs/testing-and-build.md,tests/Antiphon.Tests/Checkpoints/CheckpointExecutorLogTests.cs,	9b646f4e69a15472d387212ce139b425bf453442	SAMEASREMOTE	0	-	0
D	9b83888e	Canceled	bb4db96a9850bc84c7f899671e404c5bd2ce7ed9	CONFLICT;touched=1;differNow=1;conflicts=docs/superpowers/plans/2026-09-25-card-0684-conflicted-land-and-adopt-repair-plan.md,Auto-merging docs/superpowers/plans/2026-09-25-card-0684-conflicted-land-and-adopt-repair-plan.md,CONFLICT (add/add): Merge conflict in docs/superpowers/plans/2026-09-25-card-0684-conflicted-land-and-adopt-repair-plan.md,	-	-	-	-	0
D	9e28086d	Failed	e91e3ac847dbaceb553912beeb1cbd1612e1a3cb	CONFLICT;touched=20;differNow=11;conflicts=docs/agent-credentials.md,docs/antiphon-api.md,docs/ops-http.md,	-	-	-	-	0
D	9e8d8472	Succeeded	07b852113c1dd098db490e05675900b8466a1bee	CONFLICT;touched=29;differNow=14;conflicts=scripts/apphost-common.ps1,scripts/test-apphost-graceful-stop.ps1,server/Api/Endpoints/OperatorEndpoints.cs,	07b852113c1dd098db490e05675900b8466a1bee	SAMEASREMOTE	0	-	0
D	a103fe6f	Succeeded	ae6956e72caf317ce031d169a2400b59e0734053	CONFLICT;touched=1;differNow=1;conflicts=docs/logs.md,Auto-merging docs/logs.md,CONFLICT (content): Merge conflict in docs/logs.md,	ae6956e72caf317ce031d169a2400b59e0734053	SAMEASREMOTE	0	-	0
D	a36875a7	Succeeded	dd76c862aa1a8045d8f4430ac8adc6687a050143	CONFLICT;touched=8;differNow=7;conflicts=server/Application/Interfaces/IExpectationPromptSender.cs,server/Application/Services/ExpectationNudgeDeliveryService.cs,server/Application/Services/SessionMessageQueueService.Expectations.cs,	-	-	-	-	0
D	a61c829b	Succeeded	da7481d4dcdde536b20f45abd5d92f9ec9d39f38	CONFLICT;touched=5;differNow=4;conflicts=server/Application/Services/AgentSessionService.cs,tests/Antiphon.Tests/Application/PhoneHomeLaunchTransportTests.cs,Auto-merging server/Application/Services/AgentSessionService.cs,	-	-	-	-	0
D	a7ab0cda	Failed	a0a5b7b6243098e73a14dc7f865be67ef193239b	CONFLICT;touched=9;differNow=5;conflicts=server/Application/Services/ExpectationObservation.cs,server/Application/Services/ExpectationSnapshotReader.cs,server/Application/Services/ExpectationWatchdogPolicy.cs,	-	-	-	-	0
D	a7d678ce	Succeeded	68b397737568abee0d349d24a495682f4edaa0cd	CONFLICT;touched=11;differNow=9;conflicts=docs/superpowers/plans/2026-09-24-card-0679-phone-home-launch-loss-plan.md,server/Application/Services/AgentSessionService.cs,server/Infrastructure/Agents/SessionRunner/PhoneHomeRunnerClient.cs,	-	-	-	-	0
D	a8f042bb	Succeeded	2f7cb8497afe0f32d6101589afb3a190bce9ff8e	CONFLICT;touched=2;differNow=1;conflicts=docs/superpowers/plans/2026-09-17-card-0558-stages-as-shareable-workflows-plan.md,Auto-merging docs/superpowers/plans/2026-09-17-card-0558-stages-as-shareable-workflows-plan.md,CONFLICT (add/add): Merge conflict in docs/superpowers/plans/2026-09-17-card-0558-stages-as-shareable-workflows-plan.md,	-	-	-	-	0
D	aadd05ab	Succeeded	2ee0387ae3327489915553a38459bbee88664f96	CONFLICT;touched=15;differNow=10;conflicts=docker-compose.server2-runner.yml,docker/stack/init-state.sh,scripts/verify-card0660-codex-image.ps1,	-	-	-	-	0
D	ac059bce	Failed	023f2ac228b8cf709d933e8dd342c54770530945	EMPTY;touched=4;differNow=2	30b8f7a52ce96fd9ce39da92bc64da9fc944ef01	EMPTY;touched=0;differNow=547	0	-	0
D	b0e67a1d	Succeeded	2c363d9cf953ecce08a392f07d45eea3af555ee1	CONFLICT;touched=1;differNow=1;conflicts=docs/superpowers/plans/2026-09-27-card-0566-plan.md,Auto-merging docs/superpowers/plans/2026-09-27-card-0566-plan.md,CONFLICT (add/add): Merge conflict in docs/superpowers/plans/2026-09-27-card-0566-plan.md,	2c363d9cf953ecce08a392f07d45eea3af555ee1	SAMEASREMOTE	0	-	0
D	b560c49a	Succeeded	eba6afa3274cdde99d6759a752e8a5b25c0eca02	CONFLICT;touched=16;differNow=7;conflicts=docs/session-runtime-invariants.md,server/Application/Services/AgentTaskReplyService.cs,server/Application/Services/AgentTaskService.cs,	eba6afa3274cdde99d6759a752e8a5b25c0eca02	SAMEASREMOTE	0	-	0
D	b5e6521b	Succeeded	aacf6ca5e27e10e83ccde8b2f9d477c116b36adc	EMPTY;touched=4;differNow=0	aacf6ca5e27e10e83ccde8b2f9d477c116b36adc	SAMEASREMOTE	0	-	0
D	bb813687	Succeeded	70133792525f7c517bc5e3ccae584d6e4dedbb92	EMPTY;touched=4;differNow=1	70133792525f7c517bc5e3ccae584d6e4dedbb92	SAMEASREMOTE	0	-	0
D	bca19885	Succeeded	a1c6c59eadc39fbf48d9c3d5b18d227c3649c1f8	CONFLICT;touched=5;differNow=5;conflicts=server/Application/Dtos/RemoteSettlementSyncDtos.cs,server/Application/Services/AgentTaskReplyService.cs,server/Application/Services/RemoteWorkspaceService.cs,	-	-	-	-	0
D	c01a66ce	Failed	b8859c8428e040b7e5f70b16f46eba462ac1dad6	EMPTY;touched=7;differNow=0	-	-	-	-	0
D	c087dcaf	Succeeded	7dbfaefcf74040cbd0210540f303484515c1e740	CONFLICT;touched=13;differNow=11;conflicts=server/Application/Dtos/RemoteSettlementSyncDtos.cs,server/Application/Interfaces/IRemoteSettlementSync.cs,server/Application/Services/AgentTaskReplyService.cs,	-	-	-	-	0
D	c0a787fe	Succeeded	897b3cc4b917fb30f22641c1708a9eb0407e9cfd	CONFLICT;touched=1;differNow=1;conflicts=docs/superpowers/plans/2026-09-27-card-0464-plan.md,Auto-merging docs/superpowers/plans/2026-09-27-card-0464-plan.md,CONFLICT (add/add): Merge conflict in docs/superpowers/plans/2026-09-27-card-0464-plan.md,	897b3cc4b917fb30f22641c1708a9eb0407e9cfd	SAMEASREMOTE	0	-	0
D	c107ce5c	Succeeded	10fe51b0f668a272d621a935c27e53313b8de1c8	CONFLICT;touched=1;differNow=1;conflicts=docs/superpowers/plans/2026-09-27-card-0504-plan.md,Auto-merging docs/superpowers/plans/2026-09-27-card-0504-plan.md,CONFLICT (add/add): Merge conflict in docs/superpowers/plans/2026-09-27-card-0504-plan.md,	10fe51b0f668a272d621a935c27e53313b8de1c8	SAMEASREMOTE	0	-	0
D	c4154b22	Succeeded	d68203aafcef1554605a995e5cb3509eb711e433	CONFLICT;touched=1;differNow=1;conflicts=docs/superpowers/plans/2026-09-26-card-0593-plan.md,Auto-merging docs/superpowers/plans/2026-09-26-card-0593-plan.md,CONFLICT (add/add): Merge conflict in docs/superpowers/plans/2026-09-26-card-0593-plan.md,	d68203aafcef1554605a995e5cb3509eb711e433	SAMEASREMOTE	0	-	0
D	c4b35a78	Succeeded	b96ed0790670d6fe69267f3d908ac253e4ee3178	CONFLICT;touched=1;differNow=1;conflicts=docs/superpowers/plans/2026-09-26-card-0758-plan.md,Auto-merging docs/superpowers/plans/2026-09-26-card-0758-plan.md,CONFLICT (add/add): Merge conflict in docs/superpowers/plans/2026-09-26-card-0758-plan.md,	b96ed0790670d6fe69267f3d908ac253e4ee3178	SAMEASREMOTE	0	-	0
D	c5885cc9	Canceled	53e0bebfba0219a2edfd8594c10cdbf4db266ebd	CONFLICT;touched=1;differNow=1;conflicts=docs/logs.md,Auto-merging docs/logs.md,CONFLICT (content): Merge conflict in docs/logs.md,	396235741453333cfdfe048dde0a5c463e12eb14	EMPTY;touched=0;differNow=117	0	-	0
D	c99b5b44	Succeeded	8c1b73d1a67ac071194e6ce77c951a718a367034	CONFLICT;touched=27;differNow=12;conflicts=docs/session-runtime-invariants.md,server/Application/Services/SessionMessageQueueService.cs,server/Infrastructure/Agents/SessionRunner/PendingRunnerSessionInventory.cs,	8c1b73d1a67ac071194e6ce77c951a718a367034	SAMEASREMOTE	0	-	0
D	c99e35fa	Failed	27ae0bc2c3b5e5ec56cac13aad6395c37804d495	CONFLICT;touched=27;differNow=14;conflicts=server/Application/Services/AgentTaskWorktreeBaseResolver.cs,tests/Antiphon.Tests/Application/AgentTaskDispatchBaseGuardTests.cs,tests/Antiphon.Tests/Application/AgentTaskLandStageOutcomeTests.cs,	a0e73c976a91f8ebf02def495c69fe37df55289f	EMPTY;touched=0;differNow=117	0	-	0
D	cb96c3a4	Succeeded	6a75ab72d7bf52f7f5dc8c476891d30c8a315f62	CONFLICT;touched=28;differNow=16;conflicts=docs/session-runtime-invariants.md,server/Application/Services/AgentService.cs,server/Application/Services/AgentTaskService.cs,	6a75ab72d7bf52f7f5dc8c476891d30c8a315f62	SAMEASREMOTE	0	-	0
D	ce55c8ef	Canceled	9b7ef95746f70cb3c10b6d4d86f5b2eda1ed2596	EMPTY;touched=4;differNow=2	9b7ef95746f70cb3c10b6d4d86f5b2eda1ed2596	SAMEASREMOTE	0	-	0
D	d24e1b4d	Canceled	ce4cce1e8c03f6a769506eaa44a185d289a12b44	CONFLICT;touched=16;differNow=9;conflicts=docs/session-runtime-invariants.md,server/Application/Services/SessionMessageQueueService.Expectations.cs,server/Application/Services/SessionMessageQueueService.cs,	-	-	-	-	0
D	d4689430	Succeeded	023f2ac228b8cf709d933e8dd342c54770530945	EMPTY;touched=4;differNow=2	023f2ac228b8cf709d933e8dd342c54770530945	SAMEASREMOTE	0	-	0
D	d6481d37	Canceled	-	-	c206cd7fc45bae7d63663f19a77d30148b21e565	CONFLICT;touched=24;differNow=10;conflicts=docs/ops-http.md,server/Application/Services/LandOperationFactory.cs,Auto-merging docs/ops-http.md,	0	-	0
D	d75b52ff	Succeeded	0eb4cccac9590c9ebc5a9566a589f36b1f73ff05	CONFLICT;touched=29;differNow=6;conflicts=docs/testing-and-build.md,tests/Antiphon.Tests/Checkpoints/CheckpointTaskOwnershipTests.cs,tests/Antiphon.Tests/Checkpoints/TimeoutTests.cs,	0eb4cccac9590c9ebc5a9566a589f36b1f73ff05	SAMEASREMOTE	0	-	0
D	d76ef522	Canceled	2b963bb7774f00930862120f2728aa22ea66666a	CONFLICT;touched=1;differNow=1;conflicts=docs/logs.md,Auto-merging docs/logs.md,CONFLICT (content): Merge conflict in docs/logs.md,	ae6956e72caf317ce031d169a2400b59e0734053	CONFLICT;touched=1;differNow=1;conflicts=docs/logs.md,Auto-merging docs/logs.md,CONFLICT (content): Merge conflict in docs/logs.md,	0	-	0
D	d806b77b	Canceled	2d1c9af84160ac7499e821c0eebf57c484ce68f8	CONFLICT;touched=6;differNow=5;conflicts=server/Application/Services/AgentTaskDispatcher.cs,server/Application/Services/AgentTaskLandService.cs,server/Application/Services/AgentTaskReplyService.cs,	-	-	-	-	0
D	d81207e7	Failed	137b68312539837f8d6e4e1bd20dc032052710db	CONFLICT;touched=8;differNow=8;conflicts=docker/session-runner-grok/Dockerfile,server/Infrastructure/Git/LandingGit.cs,tests/Antiphon.Tests/Infrastructure/RepositoryMutationLeaseTests.cs,	-	-	-	-	0
D	d9f039a1	Succeeded	477253a95ac083238ff66cf591599a28c53c2524	CONFLICT;touched=30;differNow=9;conflicts=src/Antiphon.SessionRunner.Contracts/PhoneHomeContracts.cs,tests/Antiphon.Tests/TestHelpers/PhoneHomeTestHost.cs,Auto-merging AGENTS.md,	477253a95ac083238ff66cf591599a28c53c2524	SAMEASREMOTE	0	-	0
D	dafa05c9	Succeeded	ddf0c51a707a32eec2665fcd57117a9773b3355a	EMPTY;touched=1;differNow=0	ddf0c51a707a32eec2665fcd57117a9773b3355a	SAMEASREMOTE	0	-	0
D	db55819f	Succeeded	cdf994beb36979fb1602734cb975008154f8e544	CONFLICT;touched=32;differNow=2;conflicts=tests/Antiphon.Tests/Application/PhoneHomeRollingRunnerRetireTests.cs,Auto-merging server/Program.cs,Auto-merging tests/Antiphon.Tests/Application/PhoneHomeRollingRunnerRetireTests.cs,	cdf994beb36979fb1602734cb975008154f8e544	SAMEASREMOTE	0	-	0
D	db7a34db	Failed	e51c7ff56bac522882941f73d9b26d13048a6c68	CONFLICT;touched=9;differNow=9;conflicts=server/Application/Services/AgentTaskDispatcher.cs,server/Application/Services/AgentTaskService.cs,server/Application/Services/DefaultRunnerRoutingPolicy.cs,	-	-	-	-	0
D	dbdfa428	Succeeded	7cfc72ce36c352ddf10ffcecf67bc83f9f82f337	CONFLICT;touched=4;differNow=4;conflicts=src/Antiphon.SessionRunner/PhoneHomeConnectionService.cs,src/Antiphon.SessionRunner/SessionRunnerRuntime.cs,tests/Antiphon.SessionRunner.Tests/PhoneHomeConnectionServiceTests.cs,	-	-	-	-	0
D	dca8c233	Failed	7a1021209d9a87c8c7e5784b3562ff412a2d9e0d	CONFLICT;touched=6;differNow=6;conflicts=docker/session-runner-grok/Dockerfile,server/Infrastructure/Git/LandingGit.cs,server/Infrastructure/Git/RepositoryChildJournal.cs,	-	-	-	-	0
D	e09045ba	Succeeded	654c3c09d0476aa05f94f866dc777b2236b2d0cf	CONFLICT;touched=46;differNow=5;conflicts=server/Application/Services/ChannelBridgeService.cs,tests/Antiphon.Tests/Application/ChannelInboundRecoveryTests.cs,tools/Antiphon.Checkpoints/Slots/BuildSlotClient.cs,	654c3c09d0476aa05f94f866dc777b2236b2d0cf	SAMEASREMOTE	0	-	0
D	e296379b	Succeeded	b979a2cc62c17795dfdbf6d55971fc2543d25f7a	CONFLICT;touched=13;differNow=12;conflicts=server/Application/Dtos/LandingDtos.cs,server/Application/Services/AgentTaskLandService.cs,server/Application/Services/AgentTaskLandSourceResolver.cs,	-	-	-	-	0
D	e8eae8df	Succeeded	-	-	315df03964db2adee51bf8ac621bc26f0c2f9a48	CONFLICT;touched=42;differNow=13;conflicts=docker-compose.server2-runner.yml,server/Infrastructure/Agents/SessionRunner/PhoneHomeRunnerClient.cs,src/Antiphon.SessionRunner.Contracts/PhoneHomeContracts.cs,	0	-	0
D	e9516943	Failed	b6879b1512fd70919bc78526e238435b0fd83adb	EMPTY;touched=5;differNow=2	fbdc3c6e66c7e35d01260cb64f49a404809b55a6	EMPTY;touched=0;differNow=819	0	-	0
D	ead491e1	Succeeded	9c1c68980308ece42c808c4ed16db5158e457ad2	CONFLICT;touched=14;differNow=10;conflicts=client/src/features/attention/attentionVisuals.ts,docs/superpowers/plans/2026-09-26-card-0726-runner-and-journal-alarms-plan.md,server/Application/Services/AttentionService.Alarms.cs,	9c1c68980308ece42c808c4ed16db5158e457ad2	SAMEASREMOTE	0	-	0
D	ed1112b2	Succeeded	7ad846cba2f30434012ac2742df33b93cb657bde	CONFLICT;touched=11;differNow=11;conflicts=docs/logs.md,docs/ops-http.md,docs/session-runtime-invariants.md,	-	-	-	-	0
D	ee823591	Succeeded	5c51f16d3e08a4a8b5710713b3f82d201cb740c2	CONFLICT;touched=22;differNow=6;conflicts=client/src/features/hosts/HostCard.tsx,client/src/features/hosts/HostsPage.test.tsx,client/src/features/hosts/useHostStatsLive.test.ts,	5c51f16d3e08a4a8b5710713b3f82d201cb740c2	SAMEASREMOTE	0	-	0
D	eec32965	Succeeded	c8cd3d47b84e2e30cfee0ebe23f146a70d78b694	CONFLICT;touched=12;differNow=11;conflicts=server/Application/Dtos/LandingDtos.cs,server/Application/Services/AgentTaskLandService.cs,server/Application/Services/AgentTaskLandSourceResolver.cs,	-	-	-	-	0
D	efb4ff41	Succeeded	ed11e83ffd297ac0e9d65e5761d4fff02e0ff2c7	EMPTY;touched=1;differNow=0	ed11e83ffd297ac0e9d65e5761d4fff02e0ff2c7	SAMEASREMOTE	0	-	0
D	efebc413	Succeeded	1cebe728059e8f9788e9535d372e28960292adfb	EMPTY;touched=1;differNow=0	1cebe728059e8f9788e9535d372e28960292adfb	SAMEASREMOTE	0	-	0
D	eff1371c	Succeeded	06b3db87b04e076863474227aba83f387ddd4bc3	CONFLICT;touched=14;differNow=4;conflicts=server/Application/Services/ExpectationLedger.cs,server/Domain/Enums/ExpectationWatchdogEnums.cs,server/Infrastructure/Data/AppDbContext.cs,	-	-	-	-	0
D	f012a1d3	Succeeded	62ab4bdf74e1c335e337e6ebcc74714ac4493ec1	CONFLICT;touched=2;differNow=1;conflicts=docs/superpowers/plans/2026-09-17-card-0558-stages-as-shareable-workflows-plan.md,Auto-merging docs/superpowers/plans/2026-09-17-card-0558-stages-as-shareable-workflows-plan.md,CONFLICT (add/add): Merge conflict in docs/superpowers/plans/2026-09-17-card-0558-stages-as-shareable-workflows-plan.md,	-	-	-	-	0
D	f0a7c7cd	Succeeded	8289bdc74750f81070045cf144cd291aa1a7ceb3	CONFLICT;touched=27;differNow=10;conflicts=docs/testing-and-build.md,tests/Antiphon.Tests/Checkpoints/CheckpointExecutorLogTests.cs,tests/Antiphon.Tests/Checkpoints/CheckpointImportTests.cs,	8289bdc74750f81070045cf144cd291aa1a7ceb3	SAMEASREMOTE	0	-	0
D	f67e6efa	Succeeded	0ba3c55a4b66bd6f1dfd6d9712af16598e61d6c3	CONFLICT;touched=16;differNow=10;conflicts=docs/session-runtime-invariants.md,server/Application/Services/RemoteSpillCourier.cs,server/Application/Services/SessionMessageQueueService.cs,	-	-	-	-	0
D	f727964e	Succeeded	e8bfdeb004922b90d61cfdd700a0265080786d99	CONFLICT;touched=10;differNow=5;conflicts=server/Application/Services/AgentTaskService.cs,server/Application/Services/StartRefAvailability.cs,server/Program.cs,	-	-	-	-	0
D	f7833ef2	Canceled	2744fc835d3a8d363cd1b094923c47a4a118ce1b	CONFLICT;touched=12;differNow=6;conflicts=docker/stack.env.example,docs/docker-stack.md,scripts/c590-remote.sh,	-	-	-	-	0
D	fa3a1135	Failed	a95add1e9b434c158a29075f7f5af7a9fe4675be	CONFLICT;touched=5;differNow=4;conflicts=scripts/lib/release-authority.ps1,scripts/publish-release.ps1,scripts/test-release-gate.ps1,	-	-	-	-	0
D	fa8d1265	Succeeded	7c7e685a085d20c89cce8fdb872f7fd1723ec80f	CONFLICT;touched=1;differNow=1;conflicts=docs/superpowers/plans/2026-09-26-checkpoint-tool-hardening-plan.md,Auto-merging docs/superpowers/plans/2026-09-26-checkpoint-tool-hardening-plan.md,CONFLICT (add/add): Merge conflict in docs/superpowers/plans/2026-09-26-checkpoint-tool-hardening-plan.md,	7c7e685a085d20c89cce8fdb872f7fd1723ec80f	SAMEASREMOTE	0	-	0
D	fc89bde9	Succeeded	989abc9f58687dcaec8811432c9aca76e6ff4a1a	CONFLICT;touched=2;differNow=1;conflicts=docs/superpowers/plans/2026-09-26-card-0711-land-refusal-race-plan.md,Auto-merging docs/superpowers/plans/2026-09-26-card-0711-land-refusal-race-plan.md,CONFLICT (add/add): Merge conflict in docs/superpowers/plans/2026-09-26-card-0711-land-refusal-race-plan.md,	989abc9f58687dcaec8811432c9aca76e6ff4a1a	SAMEASREMOTE	0	-	0
D	fcb1344d	Succeeded	f6d419732d003a5213a253ae71c7cb10cc9ff322	EMPTY;touched=11;differNow=10	f6d419732d003a5213a253ae71c7cb10cc9ff322	SAMEASREMOTE	0	-	0
D	fcb2e819	Succeeded	00b5e151b5c1ba34a7d29d343236b1b48dfbcd59	CONFLICT;touched=1;differNow=1;conflicts=docs/superpowers/plans/2026-09-27-card-0772-plan.md,Auto-merging docs/superpowers/plans/2026-09-27-card-0772-plan.md,CONFLICT (add/add): Merge conflict in docs/superpowers/plans/2026-09-27-card-0772-plan.md,	00b5e151b5c1ba34a7d29d343236b1b48dfbcd59	SAMEASREMOTE	0	-	0
D	fd089677	Succeeded	38ddf39505a7657bf1d0ebf9cbae6b7a3a93a255	CONFLICT;touched=7;differNow=1;conflicts=docs/superpowers/plans/2026-09-23-card-0599-release-recovery-and-cards-plan.md,Auto-merging docs/superpowers/plans/2026-09-23-card-0599-release-recovery-and-cards-plan.md,CONFLICT (content): Merge conflict in docs/superpowers/plans/2026-09-23-card-0599-release-recovery-and-cards-plan.md,	-	-	-	-	0
