run,method,totalTicks,executorTicks,executorCalls,stopwatchFrequency
1,InitializeWorkflowBranchesAsync,43853361,34245321,3,1000000000
1,CreateStageBranchAsync,3711151,3416455,1,1000000000
1,CommitArtifactAsync,13288336,12857126,3,1000000000
1,TagStageAsync,14821966,14369562,4,1000000000
1,InitializeWorkflowBranchesAsync,12819541,12605609,3,1000000000
1,CreateStageBranchAsync,3761419,3741188,1,1000000000
1,CommitArtifactAsync,17263415,16923628,3,1000000000
1,InitializeWorkflowBranchesAsync,19943786,19557999,3,1000000000
1,CreateStageBranchAsync,3456948,3434608,1,1000000000
1,CommitArtifactAsync,20798000,20481646,3,1000000000
1,TagStageAsync,10348156,10313641,4,1000000000
1,MergeStageBranchAsync,9969744,9813119,2,1000000000
1,InitializeWorkflowBranchesAsync,14082261,13713344,3,1000000000
1,InitializeWorkflowBranchesAsync,15996417,15659165,3,1000000000
1,CreateStageBranchAsync,7448262,7425907,1,1000000000
1,InitializeWorkflowBranchesAsync,16484022,16172729,3,1000000000
1,CreateStageBranchAsync,2643133,2627498,1,1000000000
1,CommitArtifactAsync,14271741,13972373,3,1000000000
1,TagStageAsync,8333614,8303132,4,1000000000
1,CommitArtifactAsync,16650767,16397030,3,1000000000
1,TagStageAsync,9924636,9892434,4,1000000000
1,GetDiffBetweenTagsAsync,3589318,3422685,1,1000000000
2,InitializeWorkflowBranchesAsync,1165471627,1148269249,3,1000000000
2,CreateStageBranchAsync,5245509,4991948,1,1000000000
2,InitializeWorkflowBranchesAsync,224575207,224268702,3,1000000000
2,CreateStageBranchAsync,3516503,3489789,1,1000000000
2,CommitArtifactAsync,16526380,15741809,3,1000000000
2,InitializeWorkflowBranchesAsync,23269012,22771173,3,1000000000
2,InitializeWorkflowBranchesAsync,25658746,25249497,3,1000000000
2,CreateStageBranchAsync,268421048,268390320,1,1000000000
2,CommitArtifactAsync,690490195,679985511,3,1000000000
2,TagStageAsync,157697676,157113460,4,1000000000
2,InitializeWorkflowBranchesAsync,873953334,873534691,3,1000000000
2,CreateStageBranchAsync,6054045,5916129,1,1000000000
2,CommitArtifactAsync,492342017,491604967,3,1000000000
2,TagStageAsync,103606153,103489823,4,1000000000
2,CommitArtifactAsync,2168378639,2123256474,3,1000000000
2,TagStageAsync,8022708,7965967,4,1000000000
2,GetDiffBetweenTagsAsync,2215764,2022985,1,1000000000
2,InitializeWorkflowBranchesAsync,24981467,24602052,3,1000000000
2,CreateStageBranchAsync,5208199,5173767,1,1000000000
2,CommitArtifactAsync,30754247,29817343,3,1000000000
2,TagStageAsync,10581107,10545840,4,1000000000
2,MergeStageBranchAsync,10184543,10029405,2,1000000000
