Assertion|Row|Method
V-1/default-sources|CP-2|DeliverableBundleServiceTests.Default_settlement_preserves_sources_without_conversion
V-1/eligibility-matrix|CP-2|AgentTaskReplyIntegrationTests.completed_sources_reach_the_parent_as_exact_inline_or_zip_attachments
V-1/legacy-config|CP-2|AgentTaskReplyIntegrationTests.completion_receipt_respects_legacy_renderer_keys_and_source_kill_switch
V-1/no-renderer|CP-2|DeliverableBundleServiceTests.Legacy_browser_configuration_does_not_launch_a_renderer
V-2/read-path-bytes|CP-2|DeliverableBundleServiceTests.Source_bytes_survive_each_disk_read_root
V-2/inline-zip-thresholds|CP-2|SourceBundleManifestTests.Bytes_names_thresholds_and_budget_are_truthful
V-2/all-members-budget|CP-2|DeliverableBundleServiceTests.Source_budget_records_omitted_inputs_without_claiming_completeness
V-3/implicit-manifest-only|CP-2|SourceBundleManifestTests.Only_authorized_source_members_are_implicit
V-3/legacy-history|CP-2|ChannelFollowUpAttachmentTests.Historical_pdf_is_explicit_once_and_manifest_custody_survives_reply
V-3/explicit-pdf-once|CP-2|ChannelFollowUpAttachmentTests.Historical_pdf_is_explicit_once_and_manifest_custody_survives_reply
V-3/excluded-paths|CP-2|DeliverableBundleServiceTests.Docs_cards_and_antiphon_paths_are_never_included
V-4/four-source-note|CP-2|AgentTaskReplyIntegrationTests.actual_task_done_turn_dispatches_implied_sources_by_channel_policy
V-4/x-y-z-outcomes|CP-2|AgentTaskReplyIntegrationTests.actual_task_done_turn_dispatches_implied_sources_by_channel_policy
V-4/complete-zip-worker-input|CP-2|AgentTaskReplyIntegrationTests.actual_task_done_turn_dispatches_implied_sources_by_channel_policy
V-5/policy-defaults|CP-3|ChannelOutboundPolicyTests.Profile_binding_defaults_and_validation
V-5/validation-boundaries|CP-3|ChannelOutboundPolicyTests.Invalid_profile_bindings_are_atomic_failures
V-5/atomic-patch|CP-3|ChannelOutboundEndpointTests.Profile_patch_clear_and_rebind
V-5/client-round-trip|CP-12|ChannelsPage.test.tsx
V-6/three-send-shapes|CP-5|ChannelOutboundDeliveryTests.Main_trailing_and_machine_use_the_same_policy
V-6/trigger-matrix|CP-3|ChannelOutboundPolicyTests.Markdown_trigger_matches_only_authorized_source_shapes
V-6/passthrough-control|CP-5|ChannelOutboundDeliveryTests.Main_trailing_and_machine_use_the_same_policy
V-7/withheld-replies|CP-5|ChannelOutboundDeliveryTests.Gates_precede_admission_and_a_matched_companion_still_converts
V-7/control-callers|CP-5|ChannelOutboundDeliveryTests.Real_control_callers_bypass_the_selected_profile
V-7/healthy-companions|CP-5|ChannelOutboundDeliveryTests.Gates_precede_admission_and_a_matched_companion_still_converts
V-8/admission-commit|CP-5|ChannelOutboundDeliveryTests.Deferred_is_returned_only_after_intent_and_correlation_commit
V-8/runtime-progress|CP-2|AgentTaskReplyIntegrationTests.Deferred_is_durable_and_releases_runtime
V-8/fresh-connection-stamps|CP-5|ChannelOutboundDeliveryTests.Deferred_is_returned_only_after_intent_and_correlation_commit
V-9/concurrent-identity|CP-5|ChannelOutboundDeliveryTests.Two_dispatchers_preserve_source_window_and_destination_identity_under_admission_race
V-9/distinct-targets-and-windows|CP-5|ChannelOutboundDeliveryTests.Two_dispatchers_preserve_source_window_and_destination_identity_under_admission_race
V-9/lease-takeover-fencing|CP-5|ChannelOutboundDeliveryTests.Two_pumps_create_one_linked_task_and_expired_lease_takeover_fences_old_owner
V-10/internal-purpose|CP-5|OutboundConversionTaskTests.Ordinary_creation_links_one_pinned_internal_worker_without_source_inheritance
V-10/ordinary-companions|CP-2|AgentTaskReplyIntegrationTests.Internal_conversion_settles_with_usage_but_without_sources_or_follow_up
V-10/capability-and-env-sentinels|CP-5|OutboundConversionTaskTests.Ordinary_creation_links_one_pinned_internal_worker_without_source_inheritance
V-11/refusal-matrix|CP-5|ChannelOutboundDeadlineTests.Real_create_refusals_keep_the_original_without_provider_reroute
V-11/capacity-and-deadline|CP-5|ChannelOutboundDeadlineTests.One_converter_and_two_global_seats_hold_pending_work_until_its_original_deadline
V-11/working-owner-race|CP-5|ChannelOutboundDeadlineTests.Queued_to_working_race_preserves_the_owner_and_sends_once_at_deadline
V-12/generic-output|CP-4|OutboundConversionManifestTests.Valid_results_add_files_and_seal_bytes
V-12/sealed-byte-survival|EXTRA-PUMP|OutboundConversionManifestTestsPump.Sealed_pump_send_ignores_changed_worker_output_and_deleted_source_worktree
V-12/delivery-isolation|CP-4|OutboundConversionManifestTests.Valid_results_add_files_and_seal_bytes
V-13/invalid-output-matrix|CP-4|OutboundConversionManifestTests.Invalid_output_is_rejected_with_a_valid_adjacent_control
V-13/zip-and-link-escape|CP-4|ChannelOutboundStorageTests.Source_zip_manifest_rejects_unsafe_or_ambiguous_members
V-13/storage-faults|CP-4|ChannelOutboundStorageTests.Failed_staging_never_exposes_a_partial_snapshot
V-14/frozen-route-and-body|CP-5|ChannelOutboundDeliveryTests.Later_prompt_thread_and_control_cannot_retarget_pending_reply
V-14/order-and-control-bypass|CP-5|ChannelOutboundDeliveryTests.Later_prompt_thread_and_control_cannot_retarget_pending_reply
V-14/held-head-resolution|CP-6|ChannelOutboundRecoveryTests.Held_head_blocks_later_reply_until_original_binding_is_repaired_and_resumed
V-15/cuts-c1-c8|CP-6|ChannelOutboundRecoveryTests.Process_death_preserves_ownership_at_each_boundary
V-15/cuts-c1-c8|CP-6|ChannelOutboundRecoveryTests.Running_converter_reconciles_after_dispatcher_death
V-15/cuts-c1-c8|CP-6|ChannelOutboundRecoveryTests.Recovery_preserves_settled_worker_and_publication_boundaries
V-15/fresh-connection-oracles|CP-6|ChannelOutboundRecoveryTests.Recovery_preserves_settled_worker_and_publication_boundaries
V-15/task-and-process-ownership|CP-6|ChannelOutboundRecoveryTests.Running_converter_reconciles_after_dispatcher_death
V-16/producer-retries|CP-5|ChannelOutboundDeliveryTests.Only_acceptance_stamps_complete_actual_payload
V-16/atomic-publication-stamps|CP-5|ChannelOutboundDeliveryTests.Only_acceptance_stamps_complete_actual_payload
V-16/source-completeness|CP-5|ChannelOutboundDeliveryTests.Source_publication_requires_all_four_members_or_a_complete_zip
V-16/multi-target|CP-5|ChannelOutboundDeliveryTests.Accepted_target_is_not_retried_when_a_second_target_fails
V-17/pending-ttl|CP-5|ChannelOutboundDeliveryTests.Pending_conversion_is_not_an_inbound_lost_reply
V-17/beyond-budget|CP-5|ChannelOutboundDeliveryTests.Pending_conversion_is_not_an_inbound_lost_reply
V-17/truthful-attention|CP-7|AttentionServiceTests.Outbound_delivery_states_have_truthful_attention
V-18/revalidate-boundaries|CP-3|ChannelOutboundPolicyTests.Revocation_and_rebinding_revalidate_before_launch_and_publish
V-18/pinned-prompt-revision|CP-3|ChannelOutboundPolicyTests.Same_name_prompt_edits_affect_only_new_admissions
V-18/final-claim-race|CP-3|ChannelOutboundPolicyTests.Revocation_and_rebinding_revalidate_before_launch_and_publish
V-19/renderer-contract|CP-9|MarkdownPdfRendererTests.Cover_and_document_paths_are_html_escaped_without_losing_unicode
V-19/failure-cleanup|CP-9|MarkdownPdfRendererTests.A_real_browser_timeout_stops_its_child_process
V-19/standalone-tool|CP-9|MarkdownPdfCommandTests.Invalid_requests_never_invoke_a_browser_or_claim_a_pdf
V-20/parsed-pdf|CP-10|MarkdownPdfRealBrowserTests.Four_documents_produce_readable_combined_pdf
V-20/visual-pages|CP-10|MarkdownPdfRealBrowserTests.Four_documents_produce_readable_combined_pdf
V-20/source-hashes|CP-10|MarkdownPdfRealBrowserTests.Four_documents_produce_readable_combined_pdf
V-21/private-migration|CP-3|ChannelOutboundMigrationTests.Upgrade_preserves_history_and_defaults
V-21/fresh-di|CP-3|ChannelOutboundEndpointTests.Legacy_renderer_keys_warn_once_on_fresh_host_without_browser
V-21/dependency-and-instruction-boundary|CP-3|ChannelOutboundContractTests.Server_and_gateway_keep_source_and_transport_boundaries
V-22/wire-adapters|CP-11|SlackChannelAdapterTests.Inline_attachment_goes_through_the_external_upload_flow
V-22/configuration|CP-11|GatewayTests.Options_bind_from_the_Kafka_section_name_the_Service_uses
V-22/monitor-unknown-and-positive|CP-11|InboundUnconsumedMonitorTests.Absent_group_offset_is_unknown_not_unconsumed
V-22/monitor-unknown-and-positive|CP-11|InboundUnconsumedMonitorTests.Overdue_unconsumed_acknowledges_once_and_publishes_one_event
V-23/serialized-boundaries|CP-4|ChannelOutboundStorageTests.Near_default_wire_cap_accepts_exact_serialized_size_and_refuses_one_more_byte
V-23/fallback-and-terminal-overcap|CP-5|ChannelOutboundDeliveryTests.Fallback_annotation_uses_actual_wire_budget_and_overcap_keeps_stamps_null
V-23/near-default-broker-and-key|CP-11|KafkaOutboundPayloadTests.Near_default_serialized_reply_crosses_the_real_broker_with_exact_bytes_and_key
V-24/isolated-end-to-end|EXTRA-V24|ChannelOutboundIsolatedTests.Four_sources_convert_only_for_the_selected_conversation
V-24/controls-and-restart|EXTRA-V24|ChannelOutboundIsolatedTests.Four_sources_convert_only_for_the_selected_conversation
R-1/default-source-and-no-render|CP-2|DeliverableBundleServiceTests.Default_settlement_preserves_sources_without_conversion
R-1/completion-note|CP-2|AgentTaskReplyIntegrationTests.completed_sources_reach_the_parent_as_exact_inline_or_zip_attachments
R-2/source-bytes-and-members|CP-2|SourceBundleManifestTests.Bytes_names_thresholds_and_budget_are_truthful
R-2/manifest-custody|CP-2|SourceBundleManifestTests.Only_authorized_source_members_are_implicit
R-2/publication-completeness|CP-5|ChannelOutboundDeliveryTests.Source_publication_requires_all_four_members_or_a_complete_zip
R-3/explicit-policy|CP-3|ChannelOutboundPolicyTests.Profile_binding_defaults_and_validation
R-3/pinned-identity-and-client|CP-12|ChannelsPage.test.tsx
R-4/send-shapes|CP-5|ChannelOutboundDeliveryTests.Main_trailing_and_machine_use_the_same_policy
R-4/withheld-and-control|CP-5|ChannelOutboundDeliveryTests.Real_control_callers_bypass_the_selected_profile
R-5/durable-runtime-release|CP-2|AgentTaskReplyIntegrationTests.Deferred_is_durable_and_releases_runtime
R-5/no-early-stamps|CP-5|ChannelOutboundDeliveryTests.Deferred_is_returned_only_after_intent_and_correlation_commit
R-6/concurrent-identity|CP-5|ChannelOutboundDeliveryTests.Two_dispatchers_preserve_source_window_and_destination_identity_under_admission_race
R-6/restart-and-targets|CP-6|ChannelOutboundRecoveryTests.Recovery_preserves_settled_worker_and_publication_boundaries
R-7/purpose-and-refusals|CP-5|OutboundConversionTaskTests.Ordinary_creation_links_one_pinned_internal_worker_without_source_inheritance
R-7/deadline-and-owner|CP-5|ChannelOutboundDeadlineTests.Queued_to_working_race_preserves_the_owner_and_sends_once_at_deadline
R-8/authorized-inputs|CP-4|ChannelOutboundStorageTests.Attachment_source_url_does_not_supply_worker_input
R-8/sealed-output-and-route|CP-4|ChannelOutboundStorageTests.Output_manifest_cannot_override_frozen_routing
R-9/serialized-cap|CP-4|ChannelOutboundStorageTests.Serialized_limit_counts_unicode_metadata_and_base64_at_exact_boundary
R-9/original-fallback|CP-5|ChannelOutboundDeliveryTests.Fallback_annotation_uses_actual_wire_budget_and_overcap_keeps_stamps_null
R-10/frozen-thread|CP-5|ChannelOutboundDeliveryTests.Later_prompt_thread_and_control_cannot_retarget_pending_reply
R-10/ordered-outcomes|CP-6|ChannelOutboundRecoveryTests.Restart_preserves_two_inbound_slack_routes_behind_an_uncertain_head
R-11/ttl-ownership|CP-5|ChannelOutboundDeliveryTests.Pending_conversion_is_not_an_inbound_lost_reply
R-11/attention-states|CP-7|AttentionServiceTests.Outbound_delivery_states_have_truthful_attention
R-12/standalone-tool|CP-9|MarkdownPdfCommandTests.Valid_manifest_with_missing_browser_reports_failure_without_pdf
R-12/readable-pdf-and-server-boundary|CP-10|MarkdownPdfRealBrowserTests.Four_documents_produce_readable_combined_pdf
R-13/transport-and-monitor|CP-11|GatewayTests.InMemoryGatewayBus_produce_key_is_conversation_id_and_replies_can_be_pushed
R-13/near-default-broker-and-budget|CP-11|KafkaOutboundPayloadTests.Near_default_serialized_reply_crosses_the_real_broker_with_exact_bytes_and_key
R-14/per-assertion-actual-run-index|AUDIT|validated-index
R-14/no-broad-id-claims|CP-1|ChannelOutboundEvidenceAccountingTests.Broad_id_tokens_cannot_stand_in_for_assertion_evidence
