"className","name"
"Antiphon.Tests.Agents.AgentRegistrySettingsTests","The_shipped_codex_definition_resolves_to_a_real_executable_on_this_machine"
"Antiphon.Tests.Application.AgentExecutableResolverTests","Resolves_sibling_flavor_when_configured_one_is_gone"
"Antiphon.Tests.Application.AgentPinPathTests","V01_canonical_cwd_uses_windows_separators_and_drops_trailing_slash"
"Antiphon.Tests.Application.ClaudeRemoteControlLaunchArgsTests","Off_settings_path_round_trips_through_LaunchArgvGuard"
"Antiphon.Tests.Application.DelegationReportFormatterTests","reported_repository_paths_normalize_relative_and_absolute_windows_forms"
"Antiphon.Tests.Application.DirectoryBrowseServiceTests","caches_within_ttl_and_refreshes_after"
"Antiphon.Tests.Application.DirectoryBrowseServiceTests","existing_path_reports_exists_true"
"Antiphon.Tests.Application.DirectoryBrowseServiceTests","partial_leaf_matches_substring_within_child_name"
"Antiphon.Tests.Application.DirectoryBrowseServiceTests","prefix_returns_matching_child_directories"
"Antiphon.Tests.Application.DirectoryBrowseServiceTests","trailing_slash_lists_children_of_that_directory"
"Antiphon.Tests.Application.GrokRulesTransportCompatibilityTests","Unsafe_raw_rules_are_refused_server_side_before_runner_calls"
"Antiphon.Tests.Application.PtyDeliveryCeilingsTests","A_runner_on_the_inbox_conhost_downgrades_a_modern_server"
"Antiphon.Tests.Application.PtyDeliveryCeilingsTests","A_runner_on_the_modern_backend_confirms_the_raised_ceilings"
"Antiphon.Tests.Application.PtyDeliveryCeilingsTests","A_silent_runner_leaves_this_processes_own_decision_standing"
"Antiphon.Tests.Application.SessionDeliveryProfileTests","Phone_home_Claude_keeps_the_inbox_ceiling_for_its_own_kind"
"Antiphon.Tests.Application.SessionDeliveryProfileTests","Phone_home_Grok_never_uses_local_modern_evidence"
